Section,Multiselect,Category,Label,Tag
Real world: Companies and brand names,TRUE,Clothing and Accessories,Adidas,Adidas
Real world: Companies and brand names,TRUE,Clothing and Accessories,ASICS,ASICS
Real world: Companies and brand names,TRUE,Clothing and Accessories,chanel,chanel
Real world: Companies and brand names,TRUE,Clothing and Accessories,Citizen,Citizen
Real world: Companies and brand names,TRUE,Clothing and Accessories,Converse,Converse
Real world: Companies and brand names,TRUE,Clothing and Accessories,Dior,Dior
Real world: Companies and brand names,TRUE,Clothing and Accessories,Doc Martens,Doc Martens
Real world: Companies and brand names,TRUE,Clothing and Accessories,Gucci,Gucci
Real world: Companies and brand names,TRUE,Clothing and Accessories,Levi's,Levi's
Real world: Companies and brand names,TRUE,Clothing and Accessories,New Balance,New Balance
Real world: Companies and brand names,TRUE,Clothing and Accessories,Nike,Nike
Real world: Companies and brand names,TRUE,Clothing and Accessories,Air Jordan,Air Jordan
Real world: Companies and brand names,TRUE,Clothing and Accessories,Puma,Puma
Real world: Companies and brand names,TRUE,Clothing and Accessories,Ray-ban,Ray-ban
Real world: Companies and brand names,TRUE,Clothing and Accessories,Reebok,Reebok
Real world: Companies and brand names,TRUE,Clothing and Accessories,Speedo,Speedo
Real world: Companies and brand names,TRUE,Clothing and Accessories,The north face,The north face
Real world: Companies and brand names,TRUE,Clothing and Accessories,Tommy Hilfiger,Tommy Hilfiger
Real world: Companies and brand names,TRUE,Clothing and Accessories,Uniqlo,Uniqlo
Real world: Companies and brand names,TRUE,Clothing and Accessories,Vans,Vans
Real world: Companies and brand names,TRUE,Clothing and Accessories,Victoria's secret,Victoria's secret
Real world: Companies and brand names,TRUE,Automotive,Alfa Romeo,Alfa Romeo
Real world: Companies and brand names,TRUE,Automotive,Aston Martin,Aston Martin
Real world: Companies and brand names,TRUE,Automotive,Audi,Audi
Real world: Companies and brand names,TRUE,Automotive,Bentley,Bentley
Real world: Companies and brand names,TRUE,Automotive,BMW,BMW
Real world: Companies and brand names,TRUE,Automotive,Bugatti,Bugatti
Real world: Companies and brand names,TRUE,Automotive,Buick,Buick
Real world: Companies and brand names,TRUE,Automotive,Cadillac,Cadillac
Real world: Companies and brand names,TRUE,Automotive,Chevrolet,Chevrolet
Real world: Companies and brand names,TRUE,Automotive,Chrysler,Chrysler
Real world: Companies and brand names,TRUE,Automotive,Citroen,Citroen
Real world: Companies and brand names,TRUE,Automotive,Daihatsu,Daihatsu
Real world: Companies and brand names,TRUE,Automotive,Delorean,Delorean
Real world: Companies and brand names,TRUE,Automotive,Dodge,Dodge
Real world: Companies and brand names,TRUE,Automotive,Ducati,Ducati
Real world: Companies and brand names,TRUE,Automotive,Ferrari,Ferrari
Real world: Companies and brand names,TRUE,Automotive,Fiat,Fiat
Real world: Companies and brand names,TRUE,Automotive,Ford,Ford
Real world: Companies and brand names,TRUE,Automotive,Holden,Holden
Real world: Companies and brand names,TRUE,Automotive,Honda,Honda
Real world: Companies and brand names,TRUE,Automotive,Hummer,Hummer
Real world: Companies and brand names,TRUE,Automotive,Indian,Indian
Real world: Companies and brand names,TRUE,Automotive,Isuzu motors,Isuzu motors
Real world: Companies and brand names,TRUE,Automotive,Jaguar,Jaguar
Real world: Companies and brand names,TRUE,Automotive,Jeep,Jeep
Real world: Companies and brand names,TRUE,Automotive,Kawasaki,Kawasaki
Real world: Companies and brand names,TRUE,Automotive,Lamborghini,Lamborghini
Real world: Companies and brand names,TRUE,Automotive,Lada (car),Lada (car)
Real world: Companies and brand names,TRUE,Automotive,Lancia (brand),Lancia (brand)
Real world: Companies and brand names,TRUE,Automotive,Land rover,Land rover
Real world: Companies and brand names,TRUE,Automotive,Lotus,Lotus
Real world: Companies and brand names,TRUE,Automotive,Maserati,Maserati
Real world: Companies and brand names,TRUE,Automotive,Mazda,Mazda
Real world: Companies and brand names,TRUE,Automotive,Mclaren,Mclaren
Real world: Companies and brand names,TRUE,Automotive,Mercedes-Benz,Mercedes-Benz
Real world: Companies and brand names,TRUE,Automotive,Michelin,Michelin
Real world: Companies and brand names,TRUE,Automotive,Mini Cooper,Mini Cooper
Real world: Companies and brand names,TRUE,Automotive,Mitsubishi,Mitsubishi
Real world: Companies and brand names,TRUE,Automotive,Nissan,Nissan
Real world: Companies and brand names,TRUE,Automotive,Pagani,Pagani
Real world: Companies and brand names,TRUE,Automotive,Peugeot,Peugeot
Real world: Companies and brand names,TRUE,Automotive,Plymouth,Plymouth
Real world: Companies and brand names,TRUE,Automotive,Pontiac,Pontiac
Real world: Companies and brand names,TRUE,Automotive,Porsche,Porsche
Real world: Companies and brand names,TRUE,Automotive,Renault,Renault
Real world: Companies and brand names,TRUE,Automotive,Rolls-Royce,Rolls-Royce
Real world: Companies and brand names,TRUE,Automotive,Subaru,Subaru
Real world: Companies and brand names,TRUE,Automotive,Suzuki,Suzuki
Real world: Companies and brand names,TRUE,Automotive,"Tesla, Inc.","Tesla, Inc."
Real world: Companies and brand names,TRUE,Automotive,Trabant,Trabant
Real world: Companies and brand names,TRUE,Automotive,Triumph (motorcycle),Triumph (motorcycle)
Real world: Companies and brand names,TRUE,Automotive,Toyota,Toyota
Real world: Companies and brand names,TRUE,Automotive,Vespa,Vespa
Real world: Companies and brand names,TRUE,Automotive,Volkswagen,Volkswagen
Real world: Companies and brand names,TRUE,Automotive,Yamaha,Yamaha
Real world: Companies and brand names,TRUE,Electronics and Technology,AMD,AMD
Real world: Companies and brand names,TRUE,Electronics and Technology,Apple Inc.,Apple Inc.
Real world: Companies and brand names,TRUE,Electronics and Technology,Beats by Dr. Dre,Beats by Dr. Dre
Real world: Companies and brand names,TRUE,Electronics and Technology,Asus,Asus
Real world: Companies and brand names,TRUE,Electronics and Technology,Axent Wear,Axent Wear
Real world: Companies and brand names,TRUE,Electronics and Technology,Blackberry,Blackberry
Real world: Companies and brand names,TRUE,Electronics and Technology,Bose,Bose
Real world: Companies and brand names,TRUE,Electronics and Technology,Canon,Canon
Real world: Companies and brand names,TRUE,Electronics and Technology,Dell,Dell
Real world: Companies and brand names,TRUE,Electronics and Technology,Dyson,Dyson
Real world: Companies and brand names,TRUE,Electronics and Technology,Google,Google
Real world: Companies and brand names,TRUE,Electronics and Technology,Facebook,Facebook
Real world: Companies and brand names,TRUE,Electronics and Technology,HTC,HTC
Real world: Companies and brand names,TRUE,Electronics and Technology,Huawei,Huawei
Real world: Companies and brand names,TRUE,Electronics and Technology,Intel,Intel
Real world: Companies and brand names,TRUE,Electronics and Technology,JVC,JVC
Real world: Companies and brand names,TRUE,Electronics and Technology,Koss,Koss
Real world: Companies and brand names,TRUE,Electronics and Technology,LG electronics,LG electronics
Real world: Companies and brand names,TRUE,Electronics and Technology,Microsoft,Microsoft
Real world: Companies and brand names,TRUE,Electronics and Technology,Nikon,Nikon
Real world: Companies and brand names,TRUE,Electronics and Technology,Nokia,Nokia
Real world: Companies and brand names,TRUE,Electronics and Technology,Nvidia,Nvidia
Real world: Companies and brand names,TRUE,Electronics and Technology,Olympus,Olympus
Real world: Companies and brand names,TRUE,Electronics and Technology,Pentax,Pentax
Real world: Companies and brand names,TRUE,Electronics and Technology,Panasonic,Panasonic
Real world: Companies and brand names,TRUE,Electronics and Technology,Pioneer,Pioneer
Real world: Companies and brand names,TRUE,Electronics and Technology,Samsung,Samsung
Real world: Companies and brand names,TRUE,Electronics and Technology,Sennheiser,Sennheiser
Real world: Companies and brand names,TRUE,Electronics and Technology,Sharp corporation,Sharp corporation
Real world: Companies and brand names,TRUE,Electronics and Technology,Sony,Sony
Real world: Companies and brand names,TRUE,Electronics and Technology,Toshiba,Toshiba
Real world: Companies and brand names,TRUE,Electronics and Technology,Wacom,Wacom
Real world: Companies and brand names,TRUE,Media and Entertainment,20th Century Fox,20th Century Fox
Real world: Companies and brand names,TRUE,Media and Entertainment,Adult Swim,Adult Swim
Real world: Companies and brand names,TRUE,Media and Entertainment,BBC,BBC
Real world: Companies and brand names,TRUE,Media and Entertainment,Bilibili,Bilibili
Real world: Companies and brand names,TRUE,Media and Entertainment,Cartoon Network,Cartoon Network
Real world: Companies and brand names,TRUE,Media and Entertainment,CBS,CBS
Real world: Companies and brand names,TRUE,Media and Entertainment,CNN,CNN
Real world: Companies and brand names,TRUE,Media and Entertainment,Columbia Pictures,Columbia Pictures
Real world: Companies and brand names,TRUE,Media and Entertainment,Disney,Disney
Real world: Companies and brand names,TRUE,Media and Entertainment,Fox News,Fox News
Real world: Companies and brand names,TRUE,Media and Entertainment,Fuji Television,Fuji Television
Real world: Companies and brand names,TRUE,Media and Entertainment,HTB,HTB
Real world: Companies and brand names,TRUE,Media and Entertainment,Kadokawa,Kadokawa
Real world: Companies and brand names,TRUE,Media and Entertainment,Kyoto Animation,Kyoto Animation
Real world: Companies and brand names,TRUE,Media and Entertainment,Legendary Pictures,Legendary Pictures
Real world: Companies and brand names,TRUE,Media and Entertainment,NBC,NBC
Real world: Companies and brand names,TRUE,Media and Entertainment,Netflix,Netflix
Real world: Companies and brand names,TRUE,Media and Entertainment,Niconico,Niconico
Real world: Companies and brand names,TRUE,Media and Entertainment,Nickelodeon,Nickelodeon
Real world: Companies and brand names,TRUE,Media and Entertainment,Nippon Housou Kyoukai,Nippon Housou Kyoukai
Real world: Companies and brand names,TRUE,Media and Entertainment,Paramount Pictures,Paramount Pictures
Real world: Companies and brand names,TRUE,Media and Entertainment,Studio Trigger,Studio Trigger
Real world: Companies and brand names,TRUE,Media and Entertainment,Sunrise,Sunrise
Real world: Companies and brand names,TRUE,Media and Entertainment,TBS,TBS
Real world: Companies and brand names,TRUE,Media and Entertainment,Toei,Toei
Real world: Companies and brand names,TRUE,Media and Entertainment,TV Asahi,TV Asahi
Real world: Companies and brand names,TRUE,Media and Entertainment,TV Tokyo,TV Tokyo
Real world: Companies and brand names,TRUE,Media and Entertainment,Twitch,Twitch
Real world: Companies and brand names,TRUE,Media and Entertainment,White Fox,White Fox
Real world: Companies and brand names,TRUE,Media and Entertainment,WWE,WWE
Real world: Companies and brand names,TRUE,Media and Entertainment,Youtube,Youtube
Real world: Companies and brand names,TRUE,Musical Instruments and Equipment,fender,fender
Real world: Companies and brand names,TRUE,Musical Instruments and Equipment,Fender stratocaster,Fender stratocaster
Real world: Companies and brand names,TRUE,Musical Instruments and Equipment,Gibson,Gibson
Real world: Companies and brand names,TRUE,Musical Instruments and Equipment,Gibson Flying V,Gibson Flying V
Real world: Companies and brand names,TRUE,Musical Instruments and Equipment,Gibson Les Paul,Gibson Les Paul
Real world: Companies and brand names,TRUE,Musical Instruments and Equipment,Ibanez,Ibanez
Real world: Companies and brand names,TRUE,Musical Instruments and Equipment,Korg,Korg
Real world: Companies and brand names,TRUE,Musical Instruments and Equipment,Marshall,Marshall
Real world: Companies and brand names,TRUE,Musical Instruments and Equipment,Rickenbacker,Rickenbacker
Real world: Companies and brand names,TRUE,Musical Instruments and Equipment,roland (company),roland (company)
Real world: Companies and brand names,TRUE,Musical Instruments and Equipment,Yamaha,Yamaha
Real world: Companies and brand names,TRUE,Beverages,7up,7up
Real world: Companies and brand names,TRUE,Beverages,Asahi,Asahi
Real world: Companies and brand names,TRUE,Beverages,a&w,a&w
Real world: Companies and brand names,TRUE,Beverages,Boss Coffee,Boss Coffee
Real world: Companies and brand names,TRUE,Beverages,Budweiser,Budweiser
Real world: Companies and brand names,TRUE,Beverages,Calpis,Calpis
Real world: Companies and brand names,TRUE,Beverages,C.C. Lemon,C.C. Lemon
Real world: Companies and brand names,TRUE,Beverages,Coca-Cola,Coca-Cola
Real world: Companies and brand names,TRUE,Beverages,Corona,Corona
Real world: Companies and brand names,TRUE,Beverages,Dr. Pepper,Dr. Pepper
Real world: Companies and brand names,TRUE,Beverages,evian,evian
Real world: Companies and brand names,TRUE,Beverages,Fanta,Fanta
Real world: Companies and brand names,TRUE,Beverages,gatorade,gatorade
Real world: Companies and brand names,TRUE,Beverages,Georgia Max Coffee,Georgia Max Coffee
Real world: Companies and brand names,TRUE,Beverages,Guinness,Guinness
Real world: Companies and brand names,TRUE,Beverages,Heineken,Heineken
Real world: Companies and brand names,TRUE,Beverages,hennessy,hennessy
Real world: Companies and brand names,TRUE,Beverages,Jack Daniel's,Jack Daniel's
Real world: Companies and brand names,TRUE,Beverages,kirin (company),kirin (company)
Real world: Companies and brand names,TRUE,Beverages,lipovitan,lipovitan
Real world: Companies and brand names,TRUE,Beverages,Lipton,Lipton
Real world: Companies and brand names,TRUE,Beverages,Monster,Monster
Real world: Companies and brand names,TRUE,Beverages,Mountain Dew,Mountain Dew
Real world: Companies and brand names,TRUE,Beverages,Orangina,Orangina
Real world: Companies and brand names,TRUE,Beverages,Orion,Orion
Real world: Companies and brand names,TRUE,Beverages,pabst blue ribbon,pabst blue ribbon
Real world: Companies and brand names,TRUE,Beverages,Pepsi,Pepsi
Real world: Companies and brand names,TRUE,Beverages,pernod fils,pernod fils
Real world: Companies and brand names,TRUE,Beverages,Pocari Sweat,Pocari Sweat
Real world: Companies and brand names,TRUE,Beverages,Red Bull,Red Bull
Real world: Companies and brand names,TRUE,Beverages,rockstar (energy drink),rockstar (energy drink)
Real world: Companies and brand names,TRUE,Beverages,sapporo beer,sapporo beer
Real world: Companies and brand names,TRUE,Beverages,Smirnoff,Smirnoff
Real world: Companies and brand names,TRUE,Beverages,sprite (drink),sprite (drink)
Real world: Companies and brand names,TRUE,Beverages,suntory,suntory
Real world: Companies and brand names,TRUE,Beverages,tecate,tecate
Real world: Companies and brand names,TRUE,Beverages,Tsingtao,Tsingtao
Real world: Companies and brand names,TRUE,Beverages,UCC Coffee,UCC Coffee
Real world: Companies and brand names,TRUE,Beverages,Yebisu,Yebisu
Real world: Companies and brand names,TRUE,Foods,Boukun Habanero,Boukun Habanero
Real world: Companies and brand names,TRUE,Foods,Bourbon corporation,Bourbon corporation
Real world: Companies and brand names,TRUE,Foods,Alfort,Alfort
Real world: Companies and brand names,TRUE,Foods,White Rollita,White Rollita
Real world: Companies and brand names,TRUE,Foods,Bugles,Bugles
Real world: Companies and brand names,TRUE,Foods,cadbury,cadbury
Real world: Companies and brand names,TRUE,Foods,calbee (potato chips),calbee (potato chips)
Real world: Companies and brand names,TRUE,Foods,Jagariko,Jagariko
Real world: Companies and brand names,TRUE,Foods,kappa ebisen,kappa ebisen
Real world: Companies and brand names,TRUE,Foods,CalorieMate,CalorieMate
Real world: Companies and brand names,TRUE,Foods,campbell's,campbell's
Real world: Companies and brand names,TRUE,Foods,Chip Star,Chip Star
Real world: Companies and brand names,TRUE,Foods,Chupa Chups,Chupa Chups
Real world: Companies and brand names,TRUE,Foods,Doritos,Doritos
Real world: Companies and brand names,TRUE,Foods,glico,glico
Real world: Companies and brand names,TRUE,Foods,Pocky,Pocky
Real world: Companies and brand names,TRUE,Foods,Pretz,Pretz
Real world: Companies and brand names,TRUE,Foods,Godiva,Godiva
Real world: Companies and brand names,TRUE,Foods,Haagen-Dazs,Haagen-Dazs
Real world: Companies and brand names,TRUE,Foods,Heinz,Heinz
Real world: Companies and brand names,TRUE,Foods,hershey's,hershey's
Real world: Companies and brand names,TRUE,Foods,Hirota,Hirota
Real world: Companies and brand names,TRUE,Foods,kagome (brand),kagome (brand)
Real world: Companies and brand names,TRUE,Foods,Kikkoman,Kikkoman
Real world: Companies and brand names,TRUE,Foods,kraft,kraft
Real world: Companies and brand names,TRUE,Foods,Lay's,Lay's
Real world: Companies and brand names,TRUE,Foods,Lotte,Lotte
Real world: Companies and brand names,TRUE,Foods,Choco Pie,Choco Pie
Real world: Companies and brand names,TRUE,Foods,Meiji,Meiji
Real world: Companies and brand names,TRUE,Foods,Kinoko no Yama,Kinoko no Yama
Real world: Companies and brand names,TRUE,Foods,Takenoko no Sato,Takenoko no Sato
Real world: Companies and brand names,TRUE,Foods,M&M's,M&M's
Real world: Companies and brand names,TRUE,Foods,Morinaga,Morinaga
Real world: Companies and brand names,TRUE,Foods,nestle,nestle
Real world: Companies and brand names,TRUE,Foods,Kit Kat,Kit Kat
Real world: Companies and brand names,TRUE,Foods,nissin,nissin
Real world: Companies and brand names,TRUE,Foods,cup noodle,cup noodle
Real world: Companies and brand names,TRUE,Foods,nutella,nutella
Real world: Companies and brand names,TRUE,Foods,Oreo,Oreo
Real world: Companies and brand names,TRUE,Foods,Pringles,Pringles
Real world: Companies and brand names,TRUE,Foods,Shiroi Koibito,Shiroi Koibito
Real world: Companies and brand names,TRUE,Foods,Snickers,Snickers
Real world: Companies and brand names,TRUE,Foods,Spam,Spam
Real world: Companies and brand names,TRUE,Foods,sun-maid,sun-maid
Real world: Companies and brand names,TRUE,Foods,Tim Tam,Tim Tam
Real world: Companies and brand names,TRUE,Foods,Tirol Chocolate,Tirol Chocolate
Real world: Companies and brand names,TRUE,Foods,Toblerone,Toblerone
Real world: Companies and brand names,TRUE,Foods,Yakult,Yakult
Real world: Companies and brand names,TRUE,Foods,Yamazaki Baking,Yamazaki Baking
Real world: Companies and brand names,TRUE,Restaurant and Fast Food Chains,Anna Miller's,Anna Miller's
Real world: Companies and brand names,TRUE,Restaurant and Fast Food Chains,Black Star Burger,Black Star Burger
Real world: Companies and brand names,TRUE,Restaurant and Fast Food Chains,Baskin-Robbins,Baskin-Robbins
Real world: Companies and brand names,TRUE,Restaurant and Fast Food Chains,Burger King,Burger King
Real world: Companies and brand names,TRUE,Restaurant and Fast Food Chains,Chick-fil-A,Chick-fil-A
Real world: Companies and brand names,TRUE,Restaurant and Fast Food Chains,Cold Stone Creamery,Cold Stone Creamery
Real world: Companies and brand names,TRUE,Restaurant and Fast Food Chains,CoCo ICHIBANYA,CoCo ICHIBANYA
Real world: Companies and brand names,TRUE,Restaurant and Fast Food Chains,COCO'S,COCO'S
Real world: Companies and brand names,TRUE,Restaurant and Fast Food Chains,Dairy Queen,Dairy Queen
Real world: Companies and brand names,TRUE,Restaurant and Fast Food Chains,Domino's Pizza,Domino's Pizza
Real world: Companies and brand names,TRUE,Restaurant and Fast Food Chains,Dunkin' Donuts,Dunkin' Donuts
Real world: Companies and brand names,TRUE,Restaurant and Fast Food Chains,Hooters,Hooters
Real world: Companies and brand names,TRUE,Restaurant and Fast Food Chains,Jollibee,Jollibee
Real world: Companies and brand names,TRUE,Restaurant and Fast Food Chains,KFC,KFC
Real world: Companies and brand names,TRUE,Restaurant and Fast Food Chains,Krispy Kreme,Krispy Kreme
Real world: Companies and brand names,TRUE,Restaurant and Fast Food Chains,Little Caesar's,Little Caesar's
Real world: Companies and brand names,TRUE,Restaurant and Fast Food Chains,Lotteria,Lotteria
Real world: Companies and brand names,TRUE,Restaurant and Fast Food Chains,Matsuya Foods,Matsuya Foods
Real world: Companies and brand names,TRUE,Restaurant and Fast Food Chains,McDonald's,McDonald's
Real world: Companies and brand names,TRUE,Restaurant and Fast Food Chains,Mister Donut,Mister Donut
Real world: Companies and brand names,TRUE,Restaurant and Fast Food Chains,MOS Burger,MOS Burger
Real world: Companies and brand names,TRUE,Restaurant and Fast Food Chains,Papa John's,Papa John's
Real world: Companies and brand names,TRUE,Restaurant and Fast Food Chains,Pizza Hut,Pizza Hut
Real world: Companies and brand names,TRUE,Restaurant and Fast Food Chains,Pizza-La,Pizza-La
Real world: Companies and brand names,TRUE,Restaurant and Fast Food Chains,Starbucks,Starbucks
Real world: Companies and brand names,TRUE,Restaurant and Fast Food Chains,Subway,Subway
Real world: Companies and brand names,TRUE,Restaurant and Fast Food Chains,Sukiya,Sukiya
Real world: Companies and brand names,TRUE,Restaurant and Fast Food Chains,Tim Hortons,Tim Hortons
Real world: Companies and brand names,TRUE,Restaurant and Fast Food Chains,Wendy's,Wendy's
Real world: Companies and brand names,TRUE,Restaurant and Fast Food Chains,Yoshinoya,Yoshinoya
Real world: Companies and brand names,TRUE,Video games,Atari,Atari
Real world: Companies and brand names,TRUE,Video games,Bandai Namco,Bandai Namco
Real world: Companies and brand names,TRUE,Video games,Capcom,Capcom
Real world: Companies and brand names,TRUE,Video games,Compile Heart,Compile Heart
Real world: Companies and brand names,TRUE,Video games,DMM,DMM
Real world: Companies and brand names,TRUE,Video games,Electronic Arts,Electronic Arts
Real world: Companies and brand names,TRUE,Video games,Konami,Konami
Real world: Companies and brand names,TRUE,Video games,Idea Factory,Idea Factory
Real world: Companies and brand names,TRUE,Video games,miHoYo,miHoYo
Real world: Companies and brand names,TRUE,Video games,Nintendo,Nintendo
Real world: Companies and brand names,TRUE,Video games,Shanghai YoStar,Shanghai YoStar
Real world: Companies and brand names,TRUE,Video games,Sega,Sega
Real world: Companies and brand names,TRUE,Video games,Sony,Sony
Real world: Companies and brand names,TRUE,Video games,Square Enix,Square Enix
Real world: Companies and brand names,TRUE,Video games,Type-Moon,Type-Moon
Real world: Companies and brand names,TRUE,Misc. Consumer Goods,Clorox,Clorox
Real world: Companies and brand names,TRUE,Misc. Consumer Goods,Coppertone,Coppertone
Real world: Companies and brand names,TRUE,Misc. Consumer Goods,Marlboro,Marlboro
Real world: Companies and brand names,TRUE,Misc. Consumer Goods,Tide,Tide
Real world: Companies and brand names,TRUE,Retail and Services,7-eleven,7-eleven
Real world: Companies and brand names,TRUE,Retail and Services,Amazon,Amazon
Real world: Companies and brand names,TRUE,Retail and Services,Circle K sunkus,Circle K sunkus
Real world: Companies and brand names,TRUE,Retail and Services,FamilyMart,FamilyMart
Real world: Companies and brand names,TRUE,Retail and Services,Fedex,Fedex
Real world: Companies and brand names,TRUE,Retail and Services,Ikea,Ikea
Real world: Companies and brand names,TRUE,Retail and Services,Isetan,Isetan
Real world: Companies and brand names,TRUE,Retail and Services,Lawson,Lawson
Real world: Companies and brand names,TRUE,Retail and Services,Marui,Marui
Real world: Companies and brand names,TRUE,Retail and Services,mastercard,mastercard
Real world: Companies and brand names,TRUE,Retail and Services,Mitsukoshi,Mitsukoshi
Real world: Companies and brand names,TRUE,Retail and Services,Sofmap,Sofmap
Real world: Companies and brand names,TRUE,Retail and Services,Walmart,Walmart
Real world: Companies and brand names,TRUE,Freight and Package Delivery,CSX Corporation,CSX Corporation
Real world: Companies and brand names,TRUE,Freight and Package Delivery,DHL,DHL
Real world: Companies and brand names,TRUE,Freight and Package Delivery,FedEx,FedEx
Real world: Companies and brand names,TRUE,Freight and Package Delivery,United Parcel Service,United Parcel Service
Real world: Companies and brand names,TRUE,Freight and Package Delivery,United States Postal Service,United States Postal Service
Real world: Companies and brand names,TRUE,See also,brand name imitation,brand name imitation
Real world: Companies and brand names,TRUE,See also,company name,company name
Real world: Companies and brand names,TRUE,See also,logo,logo
Real world: Companies and brand names,TRUE,See also,product placement,product placement
Real world: Companies and brand names,TRUE,See also,tag groups,tag groups
Real world: Companies and brand names,TRUE,See also,official mascots,official mascots
Real world: Companies and brand names,TRUE,See also,sports,sports
Real world: Locations,TRUE,Indoors,bathroom,bathroom
Real world: Locations,TRUE,Indoors,bathtub,bathtub
Real world: Locations,TRUE,Indoors,toilet stall,toilet stall
Real world: Locations,TRUE,Indoors,shower,shower
Real world: Locations,TRUE,Indoors,bedroom,bedroom
Real world: Locations,TRUE,Indoors,hotel room,hotel room
Real world: Locations,TRUE,Indoors,messy room,messy room
Real world: Locations,TRUE,Indoors,otaku room,otaku room
Real world: Locations,TRUE,Indoors,cafeteria,cafeteria
Real world: Locations,TRUE,Indoors,changing room,changing room
Real world: Locations,TRUE,Indoors,classroom,classroom
Real world: Locations,TRUE,Indoors,clubroom,clubroom
Real world: Locations,TRUE,Indoors,conservatory,conservatory
Real world: Locations,TRUE,Indoors,courtroom,courtroom
Real world: Locations,TRUE,Indoors,dining room,dining room
Real world: Locations,TRUE,Indoors,dressing room,dressing room
Real world: Locations,TRUE,Indoors,dungeon,dungeon
Real world: Locations,TRUE,Indoors,prison cell,prison cell
Real world: Locations,TRUE,Indoors,fitting room,fitting room
Real world: Locations,TRUE,Indoors,gym,gym
Real world: Locations,TRUE,Indoors,locker room,locker room
Real world: Locations,TRUE,Indoors,gym storeroom,gym storeroom
Real world: Locations,TRUE,Indoors,infirmary,infirmary
Real world: Locations,TRUE,Indoors,kitchen,kitchen
Real world: Locations,TRUE,Indoors,laboratory,laboratory
Real world: Locations,TRUE,Indoors,library,library
Real world: Locations,TRUE,Indoors,living room,living room
Real world: Locations,TRUE,Indoors,office,office
Real world: Locations,TRUE,Indoors,cubicle,cubicle
Real world: Locations,TRUE,Indoors,pool,pool
Real world: Locations,TRUE,Indoors,stage,stage
Real world: Locations,TRUE,Indoors,staff room,staff room
Real world: Locations,TRUE,Indoors,storage room,storage room
Real world: Locations,TRUE,Indoors,armory,armory
Real world: Locations,TRUE,Indoors,closet,closet
Real world: Locations,TRUE,Indoors,workshop,workshop
Real world: Locations,TRUE,Outdoors,beach,beach
Real world: Locations,TRUE,Outdoors,shore,shore
Real world: Locations,TRUE,Outdoors,canyon,canyon
Real world: Locations,TRUE,Outdoors,cave,cave
Real world: Locations,TRUE,Outdoors,cliff,cliff
Real world: Locations,TRUE,Outdoors,desert,desert
Real world: Locations,TRUE,Outdoors,oasis,oasis
Real world: Locations,TRUE,Outdoors,forest,forest
Real world: Locations,TRUE,Outdoors,bamboo forest,bamboo forest
Real world: Locations,TRUE,Outdoors,glacier,glacier
Real world: Locations,TRUE,Outdoors,hill,hill
Real world: Locations,TRUE,Outdoors,island,island
Real world: Locations,TRUE,Outdoors,floating island,floating island
Real world: Locations,TRUE,Outdoors,jungle,jungle
Real world: Locations,TRUE,Outdoors,meadow,meadow
Real world: Locations,TRUE,Outdoors,mountain,mountain
Real world: Locations,TRUE,Outdoors,volcano,volcano
Real world: Locations,TRUE,Outdoors,nature,nature
Real world: Locations,TRUE,Outdoors,park,park
Real world: Locations,TRUE,Outdoors,playground,playground
Real world: Locations,TRUE,Outdoors,parking lot,parking lot
Real world: Locations,TRUE,Outdoors,plain,plain
Real world: Locations,TRUE,Outdoors,savannah,savannah
Real world: Locations,TRUE,Outdoors,wetland,wetland
Real world: Locations,TRUE,Outdoors,water,water
Real world: Locations,TRUE,Outdoors,geyser,geyser
Real world: Locations,TRUE,Outdoors,lake,lake
Real world: Locations,TRUE,Outdoors,ocean,ocean
Real world: Locations,TRUE,Outdoors,ocean bottom,ocean bottom
Real world: Locations,TRUE,Outdoors,pond,pond
Real world: Locations,TRUE,Outdoors,river,river
Real world: Locations,TRUE,Outdoors,stream,stream
Real world: Locations,TRUE,Outdoors,waterfall,waterfall
Real world: Locations,TRUE,Outdoors,wasteland,wasteland
Real world: Locations,TRUE,Buildings,airport,airport
Real world: Locations,TRUE,Buildings,control tower,control tower
Real world: Locations,TRUE,Buildings,hangar,hangar
Real world: Locations,TRUE,Buildings,runway,runway
Real world: Locations,TRUE,Buildings,apartment,apartment
Real world: Locations,TRUE,Buildings,aquarium,aquarium
Real world: Locations,TRUE,Buildings,arcade,arcade
Real world: Locations,TRUE,Buildings,bar,bar
Real world: Locations,TRUE,Buildings,izakaya,izakaya
Real world: Locations,TRUE,Buildings,tavern,tavern
Real world: Locations,TRUE,Buildings,barn,barn
Real world: Locations,TRUE,Buildings,bunker,bunker
Real world: Locations,TRUE,Buildings,bus stop,bus stop
Real world: Locations,TRUE,Buildings,bowling alley,bowling alley
Real world: Locations,TRUE,Buildings,cafe,cafe
Real world: Locations,TRUE,Buildings,casino,casino
Real world: Locations,TRUE,Buildings,castle,castle
Real world: Locations,TRUE,Buildings,floating castle,floating castle
Real world: Locations,TRUE,Buildings,church,church
Real world: Locations,TRUE,Buildings,construction site,construction site
Real world: Locations,TRUE,Buildings,convention,convention
Real world: Locations,TRUE,Buildings,garage,garage
Real world: Locations,TRUE,Buildings,gas station,gas station
Real world: Locations,TRUE,Buildings,gazebo,gazebo
Real world: Locations,TRUE,Buildings,greenhouse,greenhouse
Real world: Locations,TRUE,Buildings,gym,gym
Real world: Locations,TRUE,Buildings,hospital,hospital
Real world: Locations,TRUE,Buildings,house,house
Real world: Locations,TRUE,Buildings,hotel,hotel
Real world: Locations,TRUE,Buildings,hut,hut
Real world: Locations,TRUE,Buildings,industrial,industrial
Real world: Locations,TRUE,Buildings,factory,factory
Real world: Locations,TRUE,Buildings,refinery,refinery
Real world: Locations,TRUE,Buildings,powerplant,powerplant
Real world: Locations,TRUE,Buildings,nuclear powerplant,nuclear powerplant
Real world: Locations,TRUE,Buildings,cooling tower,cooling tower
Real world: Locations,TRUE,Buildings,warehouse,warehouse
Real world: Locations,TRUE,Buildings,library,library
Real world: Locations,TRUE,Buildings,lighthouse,lighthouse
Real world: Locations,TRUE,Buildings,mall,mall
Real world: Locations,TRUE,Buildings,megastructure,megastructure
Real world: Locations,TRUE,Buildings,space elevator,space elevator
Real world: Locations,TRUE,Buildings,military base,military base
Real world: Locations,TRUE,Buildings,mosque,mosque
Real world: Locations,TRUE,Buildings,museum,museum
Real world: Locations,TRUE,Buildings,art gallery,art gallery
Real world: Locations,TRUE,Buildings,nightclub,nightclub
Real world: Locations,TRUE,Buildings,observatory,observatory
Real world: Locations,TRUE,Buildings,office,office
Real world: Locations,TRUE,Buildings,onsen,onsen
Real world: Locations,TRUE,Buildings,pagoda,pagoda
Real world: Locations,TRUE,Buildings,planetarium,planetarium
Real world: Locations,TRUE,Buildings,prison,prison
Real world: Locations,TRUE,Buildings,restaurant,restaurant
Real world: Locations,TRUE,Buildings,rooftop,rooftop
Real world: Locations,TRUE,Buildings,ruins,ruins
Real world: Locations,TRUE,Buildings,school,school
Real world: Locations,TRUE,Buildings,skating rink,skating rink
Real world: Locations,TRUE,Buildings,shack,shack
Real world: Locations,TRUE,Buildings,shrine,shrine
Real world: Locations,TRUE,Buildings,shop,shop
Real world: Locations,TRUE,Buildings,bakery,bakery
Real world: Locations,TRUE,Buildings,bookstore,bookstore
Real world: Locations,TRUE,Buildings,convenience store,convenience store
Real world: Locations,TRUE,Buildings,flower shop,flower shop
Real world: Locations,TRUE,Buildings,pharmacy,pharmacy
Real world: Locations,TRUE,Buildings,salon,salon
Real world: Locations,TRUE,Buildings,sex shop,sex shop
Real world: Locations,TRUE,Buildings,supermarket,supermarket
Real world: Locations,TRUE,Buildings,weapon shop,weapon shop
Real world: Locations,TRUE,Buildings,skyscraper,skyscraper
Real world: Locations,TRUE,Buildings,stadium,stadium
Real world: Locations,TRUE,Buildings,arena,arena
Real world: Locations,TRUE,Buildings,stilt house,stilt house
Real world: Locations,TRUE,Buildings,temple,temple
Real world: Locations,TRUE,Buildings,theater,theater
Real world: Locations,TRUE,Buildings,amphitheater,amphitheater
Real world: Locations,TRUE,Buildings,movie theater,movie theater
Real world: Locations,TRUE,Buildings,tower,tower
Real world: Locations,TRUE,Buildings,bell tower,bell tower
Real world: Locations,TRUE,Buildings,clock tower,clock tower
Real world: Locations,TRUE,Buildings,guard tower,guard tower
Real world: Locations,TRUE,Buildings,minaret,minaret
Real world: Locations,TRUE,Buildings,train station,train station
Real world: Locations,TRUE,Buildings,treehouse,treehouse
Real world: Locations,TRUE,Buildings,windmill,windmill
Real world: Locations,TRUE,Fictional locations,Stonehenge Turret Network,Stonehenge Turret Network
Real world: Locations,TRUE,Other,architecture,architecture
Real world: Locations,TRUE,Other,cityscape,cityscape
Real world: Locations,TRUE,Other,landscape,landscape
Real world: Locations,TRUE,Other,space,space
Real world: Locations,TRUE,Other,asteroid,asteroid
Real world: Locations,TRUE,Other,moon,moon
Real world: Locations,TRUE,Other,planet,planet
Real world: Locations,TRUE,Other,space station,space station
Real world: Locations,TRUE,Other,vehicle interior,vehicle interior
Real world: Locations,TRUE,Other,airplane interior,airplane interior
Real world: Locations,TRUE,Other,bus interior,bus interior
Real world: Locations,TRUE,Other,car interior,car interior
Real world: Locations,TRUE,Other,cockpit,cockpit
Real world: Locations,TRUE,Other,spacecraft interior,spacecraft interior
Real world: Locations,TRUE,Other,tank interior,tank interior
Real world: Locations,TRUE,Other,train interior,train interior
Real world: Locations,TRUE,See also,location request,location request
Real world: Locations,TRUE,See also,real world locations,real world locations
Real world: Locations,TRUE,See also,tag groups,tag groups
Real world: People,TRUE,Voice Actors,Aimee-Ffion Edwards,Aimee-Ffion Edwards
Real world: People,TRUE,Voice Actors,Akabane Kenji,Akabane Kenji
Real world: People,TRUE,Voice Actors,Akasaki Chinatsu,Akasaki Chinatsu
Real world: People,TRUE,Voice Actors,Allegra Clark,Allegra Clark
Real world: People,TRUE,Voice Actors,Amamiya Sora,Amamiya Sora
Real world: People,TRUE,Voice Actors,Anzai Chika,Anzai Chika
Real world: People,TRUE,Voice Actors,Arakawa Miho,Arakawa Miho
Real world: People,TRUE,Voice Actors,Asakawa Yuu,Asakawa Yuu
Real world: People,TRUE,Voice Actors,Asano Masumi,Asano Masumi
Real world: People,TRUE,Voice Actors,Asumi Kana,Asumi Kana
Real world: People,TRUE,Voice Actors,Beng Spies,Beng Spies
Real world: People,TRUE,Voice Actors,Billy Kametz,Billy Kametz
Real world: People,TRUE,Voice Actors,Bridcutt Sarah Emi,Bridcutt Sarah Emi
Real world: People,TRUE,Voice Actors,Cassandra Lee Morris,Cassandra Lee Morris
Real world: People,TRUE,Voice Actors,Charles Martinet,Charles Martinet
Real world: People,TRUE,Voice Actors,Cherami Leigh,Cherami Leigh
Real world: People,TRUE,Voice Actors,Chiba Chiemi,Chiba Chiemi
Real world: People,TRUE,Voice Actors,Chiba Saeko,Chiba Saeko
Real world: People,TRUE,Voice Actors,Chiba Shigeru,Chiba Shigeru
Real world: People,TRUE,Voice Actors,Christine Marie Cabanos,Christine Marie Cabanos
Real world: People,TRUE,Voice Actors,Crispin Freeman,Crispin Freeman
Real world: People,TRUE,Voice Actors,Cristina Valenzuela,Cristina Valenzuela
Real world: People,TRUE,Voice Actors,Endou Aya,Endou Aya
Real world: People,TRUE,Voice Actors,Erica Mendez,Erica Mendez
Real world: People,TRUE,Voice Actors,Erika Harlacher,Erika Harlacher
Real world: People,TRUE,Voice Actors,Erin Fitzgerald,Erin Fitzgerald
Real world: People,TRUE,Voice Actors,Fairouz Ai,Fairouz Ai
Real world: People,TRUE,Voice Actors,Fuchigami Mai,Fuchigami Mai
Real world: People,TRUE,Voice Actors,Fuchizaki Yuriko,Fuchizaki Yuriko
Real world: People,TRUE,Voice Actors,Fujii Yukiyo,Fujii Yukiyo
Real world: People,TRUE,Voice Actors,Fujimura Ayumi,Fujimura Ayumi
Real world: People,TRUE,Voice Actors,Fujita Saki,Fujita Saki
Real world: People,TRUE,Voice Actors,Fujita Toshiko,Fujita Toshiko
Real world: People,TRUE,Voice Actors,Fukuen Misato,Fukuen Misato
Real world: People,TRUE,Voice Actors,Fukuhara Kaori,Fukuhara Kaori
Real world: People,TRUE,Voice Actors,Fukui Yukari,Fukui Yukari
Real world: People,TRUE,Voice Actors,Fukuyama Jun,Fukuyama Jun
Real world: People,TRUE,Voice Actors,Furuya Tooru,Furuya Tooru
Real world: People,TRUE,Voice Actors,Ge Ping,Ge Ping
Real world: People,TRUE,Voice Actors,Genda Tesshou,Genda Tesshou
Real world: People,TRUE,Voice Actors,Gotou Saori,Gotou Saori
Real world: People,TRUE,Voice Actors,Gotou Yuuko,Gotou Yuuko
Real world: People,TRUE,Voice Actors,Gouri Daisuke,Gouri Daisuke
Real world: People,TRUE,Voice Actors,Grant George,Grant George
Real world: People,TRUE,Voice Actors,Hamada Kenji,Hamada Kenji
Real world: People,TRUE,Voice Actors,Hanae Natsuki,Hanae Natsuki
Real world: People,TRUE,Voice Actors,Han Keiko,Han Keiko
Real world: People,TRUE,Voice Actors,Han Megumi,Han Megumi
Real world: People,TRUE,Voice Actors,Hanazawa Kana,Hanazawa Kana
Real world: People,TRUE,Voice Actors,Hanba Tomoe,Hanba Tomoe
Real world: People,TRUE,Voice Actors,Hara Yumi,Hara Yumi
Real world: People,TRUE,Voice Actors,Haruse Natsumi,Haruse Natsumi
Real world: People,TRUE,Voice Actors,Hashi Takaya,Hashi Takaya
Real world: People,TRUE,Voice Actors,Hayami Saori,Hayami Saori
Real world: People,TRUE,Voice Actors,Hayami Shou,Hayami Shou
Real world: People,TRUE,Voice Actors,Hayashibara Megumi,Hayashibara Megumi
Real world: People,TRUE,Voice Actors,Hidaka Noriko,Hidaka Noriko
Real world: People,TRUE,Voice Actors,Hikami Kyouko,Hikami Kyouko
Real world: People,TRUE,Voice Actors,Hikasa Youko,Hikasa Youko
Real world: People,TRUE,Voice Actors,Hirano Aya,Hirano Aya
Real world: People,TRUE,Voice Actors,Hirata Hiroaki,Hirata Hiroaki
Real world: People,TRUE,Voice Actors,Hirohashi Ryou,Hirohashi Ryou
Real world: People,TRUE,Voice Actors,Hisakawa Aya,Hisakawa Aya
Real world: People,TRUE,Voice Actors,Hiyama Nobuyuki,Hiyama Nobuyuki
Real world: People,TRUE,Voice Actors,Honda Chieko,Honda Chieko
Real world: People,TRUE,Voice Actors,Honda Mariko,Honda Mariko
Real world: People,TRUE,Voice Actors,Horie Yui,Horie Yui
Real world: People,TRUE,Voice Actors,Hoshi Souichirou,Hoshi Souichirou
Real world: People,TRUE,Voice Actors,Ichikawa Osamu,Ichikawa Osamu
Real world: People,TRUE,Voice Actors,Ichimichi Mao,Ichimichi Mao
Real world: People,TRUE,Voice Actors,Ichinose Kana,Ichinose Kana
Real world: People,TRUE,Voice Actors,Iguchi Yuka,Iguchi Yuka
Real world: People,TRUE,Voice Actors,Ikezawa Haruna,Ikezawa Haruna
Real world: People,TRUE,Voice Actors,Imai Asami,Imai Asami
Real world: People,TRUE,Voice Actors,Imamura Ayaka,Imamura Ayaka
Real world: People,TRUE,Voice Actors,Inada Tetsu,Inada Tetsu
Real world: People,TRUE,Voice Actors,Inoue Kazuhiko,Inoue Kazuhiko
Real world: People,TRUE,Voice Actors,Inoue Kikuko,Inoue Kikuko
Real world: People,TRUE,Voice Actors,Inoue Marina,Inoue Marina
Real world: People,TRUE,Voice Actors,Inoue You,Inoue You
Real world: People,TRUE,Voice Actors,Ise Mariya,Ise Mariya
Real world: People,TRUE,Voice Actors,Ishida Akira,Ishida Akira
Real world: People,TRUE,Voice Actors,Ishikawa Hideo,Ishikawa Hideo
Real world: People,TRUE,Voice Actors,Ishizuka Unshou,Ishizuka Unshou
Real world: People,TRUE,Voice Actors,Itou Asuka,Itou Asuka
Real world: People,TRUE,Voice Actors,Itou Kanae,Itou Kanae
Real world: People,TRUE,Voice Actors,Itou Shizuka,Itou Shizuka
Real world: People,TRUE,Voice Actors,Iwao Junko,Iwao Junko
Real world: People,TRUE,Voice Actors,Jennifer Hale,Jennifer Hale
Real world: People,TRUE,Voice Actors,Jenya Davidyuk,Jenya Davidyuk
Real world: People,TRUE,Voice Actors,Joe Zieja,Joe Zieja
Real world: People,TRUE,Voice Actors,Johnny Yong Bosch,Johnny Yong Bosch
Real world: People,TRUE,Voice Actors,Kadowaki Mai,Kadowaki Mai
Real world: People,TRUE,Voice Actors,Kaitlyn Robrock,Kaitlyn Robrock
Real world: People,TRUE,Voice Actors,Kakihara Tetsuya,Kakihara Tetsuya
Real world: People,TRUE,Voice Actors,Kakuma Ai,Kakuma Ai
Real world: People,TRUE,Voice Actors,Kamiya Akira,Kamiya Akira
Real world: People,TRUE,Voice Actors,Kamiya Hiroshi,Kamiya Hiroshi
Real world: People,TRUE,Voice Actors,Kanai Mika,Kanai Mika
Real world: People,TRUE,Voice Actors,Kanda Sayaka,Kanda Sayaka
Real world: People,TRUE,Voice Actors,Kanemoto Hisako,Kanemoto Hisako
Real world: People,TRUE,Voice Actors,Kanna Nobutoshi,Kanna Nobutoshi
Real world: People,TRUE,Voice Actors,Kate Higgins,Kate Higgins
Real world: People,TRUE,Voice Actors,Katou Emiri,Katou Emiri
Real world: People,TRUE,Voice Actors,Katsuki Masako,Katsuki Masako
Real world: People,TRUE,Voice Actors,Kawakami Tomoko,Kawakami Tomoko
Real world: People,TRUE,Voice Actors,Kawamura Maria,Kawamura Maria
Real world: People,TRUE,Voice Actors,Kawasumi Ayako,Kawasumi Ayako
Real world: People,TRUE,Voice Actors,Kayumi Iemasa,Kayumi Iemasa
Real world: People,TRUE,Voice Actors,Kenn,Kenn
Real world: People,TRUE,Voice Actors,Kido Ibuki,Kido Ibuki
Real world: People,TRUE,Voice Actors,Kimotsuki Kaneta,Kimotsuki Kaneta
Real world: People,TRUE,Voice Actors,Kimura Ryouhei,Kimura Ryouhei
Real world: People,TRUE,Voice Actors,Kimura Subaru,Kimura Subaru
Real world: People,TRUE,Voice Actors,Kira Buckland,Kira Buckland
Real world: People,TRUE,Voice Actors,Kitamura Eri,Kitamura Eri
Real world: People,TRUE,Voice Actors,Koga Aoi,Koga Aoi
Real world: People,TRUE,Voice Actors,Komatsu Mikako,Komatsu Mikako
Real world: People,TRUE,Voice Actors,Komatsu Yuka,Komatsu Yuka
Real world: People,TRUE,Voice Actors,Konishi Hiroko,Konishi Hiroko
Real world: People,TRUE,Voice Actors,Konishi Katsuyuki,Konishi Katsuyuki
Real world: People,TRUE,Voice Actors,Konno Chisato,Konno Chisato
Real world: People,TRUE,Voice Actors,Konno Hiromi,Konno Hiromi
Real world: People,TRUE,Voice Actors,Koorogi Satomi,Koorogi Satomi
Real world: People,TRUE,Voice Actors,Koshimizu Ami,Koshimizu Ami
Real world: People,TRUE,Voice Actors,Kotobuki Minako,Kotobuki Minako
Real world: People,TRUE,Voice Actors,Kouda Mariko,Kouda Mariko
Real world: People,TRUE,Voice Actors,Kouno Marika,Kouno Marika
Real world: People,TRUE,Voice Actors,Koyama Rikiya,Koyama Rikiya
Real world: People,TRUE,Voice Actors,Koyasu Takehito,Koyasu Takehito
Real world: People,TRUE,Voice Actors,Kugimiya Rie,Kugimiya Rie
Real world: People,TRUE,Voice Actors,Kuno Misaki,Kuno Misaki
Real world: People,TRUE,Voice Actors,Kurosawa Tomoyo,Kurosawa Tomoyo
Real world: People,TRUE,Voice Actors,Kusao Takeshi,Kusao Takeshi
Real world: People,TRUE,Voice Actors,Kuwahara Yuuki,Kuwahara Yuuki
Real world: People,TRUE,Voice Actors,Kuwashima Houko,Kuwashima Houko
Real world: People,TRUE,Voice Actors,Kuwatani Natsuko,Kuwatani Natsuko
Real world: People,TRUE,Voice Actors,Kyle Hebert,Kyle Hebert
Real world: People,TRUE,Voice Actors,Laura Bailey,Laura Bailey
Real world: People,TRUE,Voice Actors,Maeda Ken,Maeda Ken
Real world: People,TRUE,Voice Actors,Mark Meer,Mark Meer
Real world: People,TRUE,Voice Actors,Mark Whitten,Mark Whitten
Real world: People,TRUE,Voice Actors,Matsui Naoko,Matsui Naoko
Real world: People,TRUE,Voice Actors,Matsuki Miyu,Matsuki Miyu
Real world: People,TRUE,Voice Actors,Matsumoto Rika,Matsumoto Rika
Real world: People,TRUE,Voice Actors,Matsumoto Yasunori,Matsumoto Yasunori
Real world: People,TRUE,Voice Actors,Matsuoka Yuki,Matsuoka Yuki
Real world: People,TRUE,Voice Actors,Matthew Mercer,Matthew Mercer
Real world: People,TRUE,Voice Actors,Michelle Ruff,Michelle Ruff
Real world: People,TRUE,Voice Actors,Midorikawa Hikaru,Midorikawa Hikaru
Real world: People,TRUE,Voice Actors,Mikami Shiori,Mikami Shiori
Real world: People,TRUE,Voice Actors,Mimori Suzuko,Mimori Suzuko
Real world: People,TRUE,Voice Actors,Minagawa Junko,Minagawa Junko
Real world: People,TRUE,Voice Actors,Minaguchi Yuuko,Minaguchi Yuuko
Real world: People,TRUE,Voice Actors,Minami Omi,Minami Omi
Real world: People,TRUE,Voice Actors,Minase Inori,Minase Inori
Real world: People,TRUE,Voice Actors,Mitsuishi Kotono,Mitsuishi Kotono
Real world: People,TRUE,Voice Actors,Miyamura Yuuko,Miyamura Yuuko
Real world: People,TRUE,Voice Actors,Miyano Mamoru,Miyano Mamoru
Real world: People,TRUE,Voice Actors,Miyata Kouki,Miyata Kouki
Real world: People,TRUE,Voice Actors,Mizuhashi Kaori,Mizuhashi Kaori
Real world: People,TRUE,Voice Actors,Mizuki Nana,Mizuki Nana
Real world: People,TRUE,Voice Actors,Mizusawa Fumie,Mizusawa Fumie
Real world: People,TRUE,Voice Actors,Mizutani Yuuko,Mizutani Yuuko
Real world: People,TRUE,Voice Actors,Momoi Haruko,Momoi Haruko
Real world: People,TRUE,Voice Actors,Morikawa Toshiyuki,Morikawa Toshiyuki
Real world: People,TRUE,Voice Actors,Morikubo Shoutarou,Morikubo Shoutarou
Real world: People,TRUE,Voice Actors,Morinaga Rika,Morinaga Rika
Real world: People,TRUE,Voice Actors,Morita Masakazu,Morita Masakazu
Real world: People,TRUE,Voice Actors,Mugihito,Mugihito
Real world: People,TRUE,Voice Actors,Muranaka Tomo,Muranaka Tomo
Real world: People,TRUE,Voice Actors,Murase Ayumu,Murase Ayumu
Real world: People,TRUE,Voice Actors,Nagatsuka Takuma,Nagatsuka Takuma
Real world: People,TRUE,Voice Actors,Nakagawa Akiko,Nakagawa Akiko
Real world: People,TRUE,Voice Actors,Nakagawa Shouko,Nakagawa Shouko
Real world: People,TRUE,Voice Actors,Nakahara Mai,Nakahara Mai
Real world: People,TRUE,Voice Actors,Nakai Kazuya,Nakai Kazuya
Real world: People,TRUE,Voice Actors,Nakajima Megumi,Nakajima Megumi
Real world: People,TRUE,Voice Actors,Nakamura Eriko,Nakamura Eriko
Real world: People,TRUE,Voice Actors,Nakamura Yuuichi,Nakamura Yuuichi
Real world: People,TRUE,Voice Actors,Nakata Jouji,Nakata Jouji
Real world: People,TRUE,Voice Actors,Namikawa Daisuke,Namikawa Daisuke
Real world: People,TRUE,Voice Actors,Nanjou Yoshino,Nanjou Yoshino
Real world: People,TRUE,Voice Actors,Naya Gorou,Naya Gorou
Real world: People,TRUE,Voice Actors,Nazuka Kaori,Nazuka Kaori
Real world: People,TRUE,Voice Actors,Noda Maria,Noda Maria
Real world: People,TRUE,Voice Actors,Nogami Shou,Nogami Shou
Real world: People,TRUE,Voice Actors,Nojima Kenji,Nojima Kenji
Real world: People,TRUE,Voice Actors,Nomizu Iori,Nomizu Iori
Real world: People,TRUE,Voice Actors,Nonaka Ai,Nonaka Ai
Real world: People,TRUE,Voice Actors,Noto Mamiko,Noto Mamiko
Real world: People,TRUE,Voice Actors,Ogasawara Arisa,Ogasawara Arisa
Real world: People,TRUE,Voice Actors,Ogata Megumi,Ogata Megumi
Real world: People,TRUE,Voice Actors,Ogura Yui,Ogura Yui
Real world: People,TRUE,Voice Actors,Okamura Akemi,Okamura Akemi
Real world: People,TRUE,Voice Actors,Oki Kanae,Oki Kanae
Real world: People,TRUE,Voice Actors,Omigawa Chiaki,Omigawa Chiaki
Real world: People,TRUE,Voice Actors,Ono Daisuke,Ono Daisuke
Real world: People,TRUE,Voice Actors,Oohara Sayaka,Oohara Sayaka
Real world: People,TRUE,Voice Actors,Oohashi Ayaka,Oohashi Ayaka
Real world: People,TRUE,Voice Actors,Oohira Tooru,Oohira Tooru
Real world: People,TRUE,Voice Actors,Ookubo Rumi,Ookubo Rumi
Real world: People,TRUE,Voice Actors,Ootani Ikue,Ootani Ikue
Real world: People,TRUE,Voice Actors,Ootsubo Yuka,Ootsubo Yuka
Real world: People,TRUE,Voice Actors,Ootsuka Akio,Ootsuka Akio
Real world: People,TRUE,Voice Actors,Ootsuka Houchuu,Ootsuka Houchuu
Real world: People,TRUE,Voice Actors,Oowada Hitomi,Oowada Hitomi
Real world: People,TRUE,Voice Actors,Orikasa Fumiko,Orikasa Fumiko
Real world: People,TRUE,Voice Actors,Ozawa Ari,Ozawa Ari
Real world: People,TRUE,Voice Actors,Paku Romi,Paku Romi
Real world: People,TRUE,Voice Actors,Patrick Pedraza,Patrick Pedraza
Real world: People,TRUE,Voice Actors,Paula Tiso,Paula Tiso
Real world: People,TRUE,Voice Actors,Rick May,Rick May
Real world: People,TRUE,Voice Actors,Rosie Day,Rosie Day
Real world: People,TRUE,Voice Actors,Saiga Mitsuki,Saiga Mitsuki
Real world: People,TRUE,Voice Actors,Saitou Ayaka,Saitou Ayaka
Real world: People,TRUE,Voice Actors,Saitou Chiwa,Saitou Chiwa
Real world: People,TRUE,Voice Actors,Sakaguchi Daisuke,Sakaguchi Daisuke
Real world: People,TRUE,Voice Actors,Sakakibara Yoshiko,Sakakibara Yoshiko
Real world: People,TRUE,Voice Actors,Sakura Ayane,Sakura Ayane
Real world: People,TRUE,Voice Actors,Sakurai Harumi,Sakurai Harumi
Real world: People,TRUE,Voice Actors,Sakurai Takahiro,Sakurai Takahiro
Real world: People,TRUE,Voice Actors,Sanada Asami,Sanada Asami
Real world: People,TRUE,Voice Actors,Sanpei Yuuko,Sanpei Yuuko
Real world: People,TRUE,Voice Actors,Sarah Anne Williams,Sarah Anne Williams
Real world: People,TRUE,Voice Actors,Sarah Miller-Crews,Sarah Miller-Crews
Real world: People,TRUE,Voice Actors,Satou Amina,Satou Amina
Real world: People,TRUE,Voice Actors,Satou Rina,Satou Rina
Real world: People,TRUE,Voice Actors,Satou Satomi,Satou Satomi
Real world: People,TRUE,Voice Actors,Sawashiro Miyuki,Sawashiro Miyuki
Real world: People,TRUE,Voice Actors,Sean Chiplock,Sean Chiplock
Real world: People,TRUE,Voice Actors,Seki Tomokazu,Seki Tomokazu
Real world: People,TRUE,Voice Actors,Seki Toshihiko,Seki Toshihiko
Real world: People,TRUE,Voice Actors,Sendai Eri,Sendai Eri
Real world: People,TRUE,Voice Actors,Shimamoto Sumi,Shimamoto Sumi
Real world: People,TRUE,Voice Actors,Shimazaki Nobunaga,Shimazaki Nobunaga
Real world: People,TRUE,Voice Actors,Shimizu Kaori,Shimizu Kaori
Real world: People,TRUE,Voice Actors,Shimoda Asami,Shimoda Asami
Real world: People,TRUE,Voice Actors,Shimono Hiro,Shimono Hiro
Real world: People,TRUE,Voice Actors,Shimura Yumi,Shimura Yumi
Real world: People,TRUE,Voice Actors,Shindou Kei,Shindou Kei
Real world: People,TRUE,Voice Actors,Shingaki Tarusuke,Shingaki Tarusuke
Real world: People,TRUE,Voice Actors,Shinohara Emi,Shinohara Emi
Real world: People,TRUE,Voice Actors,Shintani Mayumi,Shintani Mayumi
Real world: People,TRUE,Voice Actors,Shintani Ryouko,Shintani Ryouko
Real world: People,TRUE,Voice Actors,Shiraishi Minoru,Shiraishi Minoru
Real world: People,TRUE,Voice Actors,Shiraishi Ryouko,Shiraishi Ryouko
Real world: People,TRUE,Voice Actors,Shiratori Yuri,Shiratori Yuri
Real world: People,TRUE,Voice Actors,Shitaya Noriko,Shitaya Noriko
Real world: People,TRUE,Voice Actors,Stephanie Sheh,Stephanie Sheh
Real world: People,TRUE,Voice Actors,Suegara Rie,Suegara Rie
Real world: People,TRUE,Voice Actors,Sugita Tomokazu,Sugita Tomokazu
Real world: People,TRUE,Voice Actors,Sugiyama Noriaki,Sugiyama Noriaki
Real world: People,TRUE,Voice Actors,Suwabe Jun'ichi,Suwabe Jun'ichi
Real world: People,TRUE,Voice Actors,Suzaki Aya,Suzaki Aya
Real world: People,TRUE,Voice Actors,Suzumura Ken'ichi,Suzumura Ken'ichi
Real world: People,TRUE,Voice Actors,Tachiki Fumihiko,Tachiki Fumihiko
Real world: People,TRUE,Voice Actors,Taichi You,Taichi You
Real world: People,TRUE,Voice Actors,Takao Kanon,Takao Kanon
Real world: People,TRUE,Voice Actors,Takagi Wataru,Takagi Wataru
Real world: People,TRUE,Voice Actors,Takahashi Chiaki,Takahashi Chiaki
Real world: People,TRUE,Voice Actors,Takahashi Hiroki,Takahashi Hiroki
Real world: People,TRUE,Voice Actors,Takahashi Rie,Takahashi Rie
Real world: People,TRUE,Voice Actors,Takano Urara,Takano Urara
Real world: People,TRUE,Voice Actors,Takato Yasuhiro,Takato Yasuhiro
Real world: People,TRUE,Voice Actors,Takayama Minami,Takayama Minami
Real world: People,TRUE,Voice Actors,Takemoto Eiji,Takemoto Eiji
Real world: People,TRUE,Voice Actors,Taketatsu Ayana,Taketatsu Ayana
Real world: People,TRUE,Voice Actors,Takeuchi Junko,Takeuchi Junko
Real world: People,TRUE,Voice Actors,Takeuchi Shunsuke,Takeuchi Shunsuke
Real world: People,TRUE,Voice Actors,Takishita Tsuyoshi,Takishita Tsuyoshi
Real world: People,TRUE,Voice Actors,Tamura Yukari,Tamura Yukari
Real world: People,TRUE,Voice Actors,Tanaka Atsuko,Tanaka Atsuko
Real world: People,TRUE,Voice Actors,Tanaka Mayumi,Tanaka Mayumi
Real world: People,TRUE,Voice Actors,Tanaka Rie,Tanaka Rie
Real world: People,TRUE,Voice Actors,Tange Sakura,Tange Sakura
Real world: People,TRUE,Voice Actors,Tano Asami,Tano Asami
Real world: People,TRUE,Voice Actors,Tao Dian,Tao Dian
Real world: People,TRUE,Voice Actors,Tara Platt,Tara Platt
Real world: People,TRUE,Voice Actors,Tara Strong,Tara Strong
Real world: People,TRUE,Voice Actors,Terashima Takuma,Terashima Takuma
Real world: People,TRUE,Voice Actors,Togashi Misuzu,Togashi Misuzu
Real world: People,TRUE,Voice Actors,Tokui Sora,Tokui Sora
Real world: People,TRUE,Voice Actors,Tomatsu Haruka,Tomatsu Haruka
Real world: People,TRUE,Voice Actors,Touyama Nao,Touyama Nao
Real world: People,TRUE,Voice Actors,Toyoguchi Megumi,Toyoguchi Megumi
Real world: People,TRUE,Voice Actors,Toyosaki Aki,Toyosaki Aki
Real world: People,TRUE,Voice Actors,Troy Baker,Troy Baker
Real world: People,TRUE,Voice Actors,Tsuda Kenjirou,Tsuda Kenjirou
Real world: People,TRUE,Voice Actors,Tsuda Minami,Tsuda Minami
Real world: People,TRUE,Voice Actors,Tsujitani Kouji,Tsujitani Kouji
Real world: People,TRUE,Voice Actors,Tsuru Hiromi,Tsuru Hiromi
Real world: People,TRUE,Voice Actors,Tsukada Masaaki,Tsukada Masaaki
Real world: People,TRUE,Voice Actors,Uchida Aya,Uchida Aya
Real world: People,TRUE,Voice Actors,Uchida Maaya,Uchida Maaya
Real world: People,TRUE,Voice Actors,Uchida Yuuma,Uchida Yuuma
Real world: People,TRUE,Voice Actors,Ueda Kana,Ueda Kana
Real world: People,TRUE,Voice Actors,Uesaka Sumire,Uesaka Sumire
Real world: People,TRUE,Voice Actors,Utsumi Kenji,Utsumi Kenji
Real world: People,TRUE,Voice Actors,Wakamoto Norio,Wakamoto Norio
Real world: People,TRUE,Voice Actors,Watanabe Akeno,Watanabe Akeno
Real world: People,TRUE,Voice Actors,Watanabe Kumiko,Watanabe Kumiko
Real world: People,TRUE,Voice Actors,Wendee Lee,Wendee Lee
Real world: People,TRUE,Voice Actors,Xander Mobus,Xander Mobus
Real world: People,TRUE,Voice Actors,Xanthe Huynh,Xanthe Huynh
Real world: People,TRUE,Voice Actors,Yajima Akiko,Yajima Akiko
Real world: People,TRUE,Voice Actors,Yamada Yasuo,Yamada Yasuo
Real world: People,TRUE,Voice Actors,Yamadera Kouichi,Yamadera Kouichi
Real world: People,TRUE,Voice Actors,Yamaguchi Kappei,Yamaguchi Kappei
Real world: People,TRUE,Voice Actors,Yamazaki Takumi,Yamazaki Takumi
Real world: People,TRUE,Voice Actors,Yanaga Kazuko,Yanaga Kazuko
Real world: People,TRUE,Voice Actors,Yao Kazuki,Yao Kazuki
Real world: People,TRUE,Voice Actors,Yasuno Kiyono,Yasuno Kiyono
Real world: People,TRUE,Voice Actors,Yonaga Tsubasa,Yonaga Tsubasa
Real world: People,TRUE,Voice Actors,Yoshimura Haruka,Yoshimura Haruka
Real world: People,TRUE,Voice Actors,Yukana,Yukana
Real world: People,TRUE,Voice Actors,Yuri Lowenthal,Yuri Lowenthal
Real world: People,TRUE,Voice Actors,Yusa Kouji,Yusa Kouji
Real world: People,TRUE,Voice Actors,Yuuki Aoi,Yuuki Aoi
Real world: People,TRUE,Voice Actors,Yuzuki Ryouka,Yuzuki Ryouka
Real world: People,TRUE,Cosplayers,Alina Becker,Alina Becker
Real world: People,TRUE,Cosplayers,azami (cosplayer),azami (cosplayer)
Real world: People,TRUE,Cosplayers,Bunny Ayumi,Bunny Ayumi
Real world: People,TRUE,Cosplayers,Chocoball,Chocoball
Real world: People,TRUE,Cosplayers,Enako,Enako
Real world: People,TRUE,Cosplayers,Hana Bunny,Hana Bunny
Real world: People,TRUE,Cosplayers,HaneAme,HaneAme
Real world: People,TRUE,Cosplayers,Hyunako,Hyunako
Real world: People,TRUE,Cosplayers,Kipi-san,Kipi-san
Real world: People,TRUE,Cosplayers,Shirogane-sama,Shirogane-sama
Real world: People,TRUE,Cosplayers,Swimsuitsuccubus,Swimsuitsuccubus
Real world: People,TRUE,Authors/Directors,Akutagawa Ryuunosuke,Akutagawa Ryuunosuke
Real world: People,TRUE,Authors/Directors,Anno Hideaki,Anno Hideaki
Real world: People,TRUE,Authors/Directors,Araki Hirohiko,Araki Hirohiko
Real world: People,TRUE,Authors/Directors,Arthur Conan Doyle,Arthur Conan Doyle
Real world: People,TRUE,Authors/Directors,Derrick J. Wyatt,Derrick J. Wyatt
Real world: People,TRUE,Authors/Directors,Du Fu,Du Fu
Real world: People,TRUE,Authors/Directors,Fujiko F Fujio,Fujiko F Fujio
Real world: People,TRUE,Authors/Directors,Fujiwara Cocoa,Fujiwara Cocoa
Real world: People,TRUE,Authors/Directors,George R.R. Martin,George R.R. Martin
Real world: People,TRUE,Authors/Directors,Ikumi Mia,Ikumi Mia
Real world: People,TRUE,Authors/Directors,Ishida Sui,Ishida Sui
Real world: People,TRUE,Authors/Directors,Itou Bungaku,Itou Bungaku
Real world: People,TRUE,Authors/Directors,Jin Yong,Jin Yong
Real world: People,TRUE,Authors/Directors,Kon Satoshi,Kon Satoshi
Real world: People,TRUE,Authors/Directors,Kumeta Kouji,Kumeta Kouji
Real world: People,TRUE,Authors/Directors,Lafcadio Hearn,Lafcadio Hearn
Real world: People,TRUE,Authors/Directors,Matsumoto Leiji,Matsumoto Leiji
Real world: People,TRUE,Authors/Directors,Michael Bay,Michael Bay
Real world: People,TRUE,Authors/Directors,Miura Kentarou,Miura Kentarou
Real world: People,TRUE,Authors/Directors,Mizuki Shigeru,Mizuki Shigeru
Real world: People,TRUE,Authors/Directors,Miyazaki Hayao,Miyazaki Hayao
Real world: People,TRUE,Authors/Directors,Nakamura Ryuutarou,Nakamura Ryuutarou
Real world: People,TRUE,Authors/Directors,Oshii Mamoru,Oshii Mamoru
Real world: People,TRUE,Authors/Directors,Ray Bradbury,Ray Bradbury
Real world: People,TRUE,Authors/Directors,Sei Shounagon,Sei Shounagon
Real world: People,TRUE,Authors/Directors,Stan Lee,Stan Lee
Real world: People,TRUE,Authors/Directors,Stephen Hillenburg,Stephen Hillenburg
Real world: People,TRUE,Authors/Directors,Takahashi Kazuki,Takahashi Kazuki
Real world: People,TRUE,Authors/Directors,Takahashi Ryousuke,Takahashi Ryousuke
Real world: People,TRUE,Authors/Directors,Terry Pratchett,Terry Pratchett
Real world: People,TRUE,Authors/Directors,Togashi Yoshihiro,Togashi Yoshihiro
Real world: People,TRUE,Authors/Directors,Tomino Yoshiyuki,Tomino Yoshiyuki
Real world: People,TRUE,Authors/Directors,Toriyama Akira,Toriyama Akira
Real world: People,TRUE,Authors/Directors,Tsukudani Norio,Tsukudani Norio
Real world: People,TRUE,Authors/Directors,Urasawa Naoki,Urasawa Naoki
Real world: People,TRUE,Authors/Directors,Walt Disney,Walt Disney
Real world: People,TRUE,Authors/Directors,William Shakespeare,William Shakespeare
Real world: People,TRUE,Authors/Directors,Yamaguchi Noboru,Yamaguchi Noboru
Real world: People,TRUE,Artists,H.R. Giger,H.R. Giger
Real world: People,TRUE,Artists,Hirai Hisashi,Hirai Hisashi
Real world: People,TRUE,Artists,Michelangelo,Michelangelo
Real world: People,TRUE,Artists,Leonardo da Vinci,Leonardo da Vinci
Real world: People,TRUE,Artists,Salvador Dali,Salvador Dali
Real world: People,TRUE,Artists,Vincent van Gogh,Vincent van Gogh
Real world: People,TRUE,Actors,Adam Sandler,Adam Sandler
Real world: People,TRUE,Actors,Adam Savage,Adam Savage
Real world: People,TRUE,Actors,Aki Takejou,Aki Takejou
Real world: People,TRUE,Actors,Andrew Garfield,Andrew Garfield
Real world: People,TRUE,Actors,Anthony Hopkins,Anthony Hopkins
Real world: People,TRUE,Actors,Anya Taylor-Joy,Anya Taylor-Joy
Real world: People,TRUE,Actors,Arnold Schwarzenegger,Arnold Schwarzenegger
Real world: People,TRUE,Actors,Benedict Cumberbatch,Benedict Cumberbatch
Real world: People,TRUE,Actors,Bill Murray,Bill Murray
Real world: People,TRUE,Actors,Billy Herrington,Billy Herrington
Real world: People,TRUE,Actors,Bruce Lee,Bruce Lee
Real world: People,TRUE,Actors,Bruce Willis,Bruce Willis
Real world: People,TRUE,Actors,Carrie Fisher,Carrie Fisher
Real world: People,TRUE,Actors,Chadwick Boseman,Chadwick Boseman
Real world: People,TRUE,Actors,Charlie Chaplin,Charlie Chaplin
Real world: People,TRUE,Actors,Charlie Day,Charlie Day
Real world: People,TRUE,Actors,Chris Evans,Chris Evans
Real world: People,TRUE,Actors,Chris Pratt,Chris Pratt
Real world: People,TRUE,Actors,Chris Rock,Chris Rock
Real world: People,TRUE,Actors,Christian Bale,Christian Bale
Real world: People,TRUE,Actors,Christopher Lee,Christopher Lee
Real world: People,TRUE,Actors,Chuck Norris,Chuck Norris
Real world: People,TRUE,Actors,Clint Eastwood,Clint Eastwood
Real world: People,TRUE,Actors,Daniel Radcliffe,Daniel Radcliffe
Real world: People,TRUE,Actors,Danny DeVito,Danny DeVito
Real world: People,TRUE,Actors,Danny Glover,Danny Glover
Real world: People,TRUE,Actors,Danny Lee,Danny Lee
Real world: People,TRUE,Actors,Danny Trejo,Danny Trejo
Real world: People,TRUE,Actors,Danny Wells,Danny Wells
Real world: People,TRUE,Actors,Edward Furlong,Edward Furlong
Real world: People,TRUE,Actors,Elijah Wood,Elijah Wood
Real world: People,TRUE,Actors,Emma Stone,Emma Stone
Real world: People,TRUE,Actors,Emma Watson,Emma Watson
Real world: People,TRUE,Actors,Ewan McGregor,Ewan McGregor
Real world: People,TRUE,Actors,Harrison Ford,Harrison Ford
Real world: People,TRUE,Actors,Heath Ledger,Heath Ledger
Real world: People,TRUE,Actors,Henry Cavill,Henry Cavill
Real world: People,TRUE,Actors,Hisamoto Masami,Hisamoto Masami
Real world: People,TRUE,Actors,Ian McKellen,Ian McKellen
Real world: People,TRUE,Actors,Idris Elba,Idris Elba
Real world: People,TRUE,Actors,Ingrid Bergman,Ingrid Bergman
Real world: People,TRUE,Actors,Izumi Masayuki,Izumi Masayuki
Real world: People,TRUE,Actors,Jack Black,Jack Black
Real world: People,TRUE,Actors,Jack Nicholson,Jack Nicholson
Real world: People,TRUE,Actors,Jackie Chan,Jackie Chan
Real world: People,TRUE,Actors,Jada Pinkett Smith,Jada Pinkett Smith
Real world: People,TRUE,Actors,Jamie Hyneman,Jamie Hyneman
Real world: People,TRUE,Actors,Jared Leto,Jared Leto
Real world: People,TRUE,Actors,Jason David Frank,Jason David Frank
Real world: People,TRUE,Actors,Jason Momoa,Jason Momoa
Real world: People,TRUE,Actors,Jean-Claude Van Damme,Jean-Claude Van Damme
Real world: People,TRUE,Actors,Jeremy Brett,Jeremy Brett
Real world: People,TRUE,Actors,Jeremy Renner,Jeremy Renner
Real world: People,TRUE,Actors,Jet Li,Jet Li
Real world: People,TRUE,Actors,Jim Carrey,Jim Carrey
Real world: People,TRUE,Actors,Joaquin Phoenix,Joaquin Phoenix
Real world: People,TRUE,Actors,John David Washington,John David Washington
Real world: People,TRUE,Actors,John Travolta,John Travolta
Real world: People,TRUE,Actors,Jude Law,Jude Law
Real world: People,TRUE,Actors,Kate Winslet,Kate Winslet
Real world: People,TRUE,Actors,Keanu Reeves,Keanu Reeves
Real world: People,TRUE,Actors,Kikuchi Mika,Kikuchi Mika
Real world: People,TRUE,Actors,Kitamura Kazuki,Kitamura Kazuki
Real world: People,TRUE,Actors,Kristin Kreuk,Kristin Kreuk
Real world: People,TRUE,Actors,Kurihara Rui,Kurihara Rui
Real world: People,TRUE,Actors,Leonard Nimoy,Leonard Nimoy
Real world: People,TRUE,Actors,Leonardo DiCaprio,Leonardo DiCaprio
Real world: People,TRUE,Actors,Ma Dong-seok,Ma Dong-seok
Real world: People,TRUE,Actors,Margot Robbie,Margot Robbie
Real world: People,TRUE,Actors,Marilyn Monroe,Marilyn Monroe
Real world: People,TRUE,Actors,Mark Hamill,Mark Hamill
Real world: People,TRUE,Actors,Martin Freeman,Martin Freeman
Real world: People,TRUE,Actors,Matsudaira Ken,Matsudaira Ken
Real world: People,TRUE,Actors,Matt Damon,Matt Damon
Real world: People,TRUE,Actors,Megan Fox,Megan Fox
Real world: People,TRUE,Actors,Mel Gibson,Mel Gibson
Real world: People,TRUE,Actors,Morgan Freeman,Morgan Freeman
Real world: People,TRUE,Actors,Mr. T,Mr. T
Real world: People,TRUE,Actors,Natalie Portman,Natalie Portman
Real world: People,TRUE,Actors,Nicolas Cage,Nicolas Cage
Real world: People,TRUE,Actors,Oomura Kon,Oomura Kon
Real world: People,TRUE,Actors,Oscar Isaac,Oscar Isaac
Real world: People,TRUE,Actors,Pam Grier,Pam Grier
Real world: People,TRUE,Actors,Patrick Stewart,Patrick Stewart
Real world: People,TRUE,Actors,Penelope Cruz,Penelope Cruz
Real world: People,TRUE,Actors,Robert De Niro,Robert De Niro
Real world: People,TRUE,Actors,Robert Downey Jr.,Robert Downey Jr.
Real world: People,TRUE,Actors,Robert Patrick,Robert Patrick
Real world: People,TRUE,Actors,Robert Pattinson,Robert Pattinson
Real world: People,TRUE,Actors,Robin Williams,Robin Williams
Real world: People,TRUE,Actors,Ryan Gosling,Ryan Gosling
Real world: People,TRUE,Actors,Samuel L. Jackson,Samuel L. Jackson
Real world: People,TRUE,Actors,Scarlett Johannson,Scarlett Johannson
Real world: People,TRUE,Actors,Sean Young,Sean Young
Real world: People,TRUE,Actors,Seth Rogen,Seth Rogen
Real world: People,TRUE,Actors,Shia Labeouf,Shia Labeouf
Real world: People,TRUE,Actors,Stefán Karl Stefánsson,Stefán Karl Stefánsson
Real world: People,TRUE,Actors,Steve Carell,Steve Carell
Real world: People,TRUE,Actors,Steven Seagal,Steven Seagal
Real world: People,TRUE,Actors,Sylvester Stallone,Sylvester Stallone
Real world: People,TRUE,Actors,Terry Crews,Terry Crews
Real world: People,TRUE,Actors,Tobey Maguire,Tobey Maguire
Real world: People,TRUE,Actors,Tom Cruise,Tom Cruise
Real world: People,TRUE,Actors,Tom Hanks,Tom Hanks
Real world: People,TRUE,Actors,Tom Holland,Tom Holland
Real world: People,TRUE,Actors,Tommy Lee Jones,Tommy Lee Jones
Real world: People,TRUE,Actors,Van Darkholme,Van Darkholme
Real world: People,TRUE,Actors,Vin Diesel,Vin Diesel
Real world: People,TRUE,Actors,Vincent Price,Vincent Price
Real world: People,TRUE,Actors,Will Smith,Will Smith
Real world: People,TRUE,Actors,Willem Dafoe,Willem Dafoe
Real world: People,TRUE,Actors,Yasuda Misako,Yasuda Misako
Real world: People,TRUE,Musicians,Abbath,Abbath
Real world: People,TRUE,Musicians,Ado,Ado
Real world: People,TRUE,Musicians,Aizome Karen,Aizome Karen
Real world: People,TRUE,Musicians,Andrew WK,Andrew WK
Real world: People,TRUE,Musicians,Axl Rose,Axl Rose
Real world: People,TRUE,Musicians,Bad Bunny,Bad Bunny
Real world: People,TRUE,Musicians,Beyonce,Beyonce
Real world: People,TRUE,Musicians,Bono,Bono
Real world: People,TRUE,Musicians,Boy George,Boy George
Real world: People,TRUE,Musicians,Bradford Phillip Delson,Bradford Phillip Delson
Real world: People,TRUE,Musicians,Bruce Springsteen,Bruce Springsteen
Real world: People,TRUE,Musicians,Camila Cabello,Camila Cabello
Real world: People,TRUE,Musicians,Chaeyoung,Chaeyoung
Real world: People,TRUE,Musicians,Cheng Xiao,Cheng Xiao
Real world: People,TRUE,Musicians,Chester Bennington,Chester Bennington
Real world: People,TRUE,Musicians,Chris Cornell,Chris Cornell
Real world: People,TRUE,Musicians,Chris Fehn,Chris Fehn
Real world: People,TRUE,Musicians,Chris Rorland,Chris Rorland
Real world: People,TRUE,Musicians,Cliff Burton,Cliff Burton
Real world: People,TRUE,Musicians,Daesung (bigbang),Daesung (bigbang)
Real world: People,TRUE,Musicians,David Bowie,David Bowie
Real world: People,TRUE,Musicians,Dave Grohl,Dave Grohl
Real world: People,TRUE,Musicians,David Michael Farrell,David Michael Farrell
Real world: People,TRUE,Musicians,DJ Khaled,DJ Khaled
Real world: People,TRUE,Musicians,Doja Cat,Doja Cat
Real world: People,TRUE,Musicians,Dolly Parton,Dolly Parton
Real world: People,TRUE,Musicians,Dua Lipa,Dua Lipa
Real world: People,TRUE,Musicians,Eddie Van Halen,Eddie Van Halen
Real world: People,TRUE,Musicians,Elena Sergeevna Katina,Elena Sergeevna Katina
Real world: People,TRUE,Musicians,Elvis Presley,Elvis Presley
Real world: People,TRUE,Musicians,Eminem,Eminem
Real world: People,TRUE,Musicians,Endou Masaaki,Endou Masaaki
Real world: People,TRUE,Musicians,Frank Sinatra,Frank Sinatra
Real world: People,TRUE,Musicians,Franz Liszt,Franz Liszt
Real world: People,TRUE,Musicians,Franz Schubert,Franz Schubert
Real world: People,TRUE,Musicians,Freddie Mercury,Freddie Mercury
Real world: People,TRUE,Musicians,Frederic Chopin,Frederic Chopin
Real world: People,TRUE,Musicians,Fukumen,Fukumen
Real world: People,TRUE,Musicians,G-Dragon,G-Dragon
Real world: People,TRUE,Musicians,George Harrison,George Harrison
Real world: People,TRUE,Musicians,Guy-Manuel de Homem-christo,Guy-Manuel de Homem-christo
Real world: People,TRUE,Musicians,Hannes van Dahl,Hannes van Dahl
Real world: People,TRUE,Musicians,Hector Berlioz,Hector Berlioz
Real world: People,TRUE,Musicians,Heize,Heize
Real world: People,TRUE,Musicians,Herman Li,Herman Li
Real world: People,TRUE,Musicians,Hirasawa Susumu,Hirasawa Susumu
Real world: People,TRUE,Musicians,Hyuna,Hyuna
Real world: People,TRUE,Musicians,Irene,Irene
Real world: People,TRUE,Musicians,IU,IU
Real world: People,TRUE,Musicians,James Hetfield,James Hetfield
Real world: People,TRUE,Musicians,Jennie,Jennie
Real world: People,TRUE,Musicians,Jean Sibelius,Jean Sibelius
Real world: People,TRUE,Musicians,Jeff Hanneman,Jeff Hanneman
Real world: People,TRUE,Musicians,Jim Morrison,Jim Morrison
Real world: People,TRUE,Musicians,Jimi Hendrix,Jimi Hendrix
Real world: People,TRUE,Musicians,Jimmy Page,Jimmy Page
Real world: People,TRUE,Musicians,Jisoo,Jisoo
Real world: People,TRUE,Musicians,Joakim Broden,Joakim Broden
Real world: People,TRUE,Musicians,Johann Sebastian Bach,Johann Sebastian Bach
Real world: People,TRUE,Musicians,John Bonham,John Bonham
Real world: People,TRUE,Musicians,John Densmore,John Densmore
Real world: People,TRUE,Musicians,John Lennon,John Lennon
Real world: People,TRUE,Musicians,John Paul Jones,John Paul Jones
Real world: People,TRUE,Musicians,Jonne Jarvela,Jonne Jarvela
Real world: People,TRUE,Musicians,Joseph Hahn,Joseph Hahn
Real world: People,TRUE,Musicians,JUNNA,JUNNA
Real world: People,TRUE,Musicians,Justin Bieber,Justin Bieber
Real world: People,TRUE,Musicians,Ice Cube,Ice Cube
Real world: People,TRUE,Musicians,Kageyama Hironobu,Kageyama Hironobu
Real world: People,TRUE,Musicians,Kanye West,Kanye West
Real world: People,TRUE,Musicians,Kashii Katy,Kashii Katy
Real world: People,TRUE,Musicians,Kerry King,Kerry King
Real world: People,TRUE,Musicians,Kiki Xu,Kiki Xu
Real world: People,TRUE,Musicians,Kirk Hammet,Kirk Hammet
Real world: People,TRUE,Musicians,Kizaki Yuria,Kizaki Yuria
Real world: People,TRUE,Musicians,Krist Novoselic,Krist Novoselic
Real world: People,TRUE,Musicians,Kurt Cobain,Kurt Cobain
Real world: People,TRUE,Musicians,Lady Gaga,Lady Gaga
Real world: People,TRUE,Musicians,Lalisa Manoban,Lalisa Manoban
Real world: People,TRUE,Musicians,Lars Ulrich,Lars Ulrich
Real world: People,TRUE,Musicians,Lemmy Kilmister,Lemmy Kilmister
Real world: People,TRUE,Musicians,Lil Nas X,Lil Nas X
Real world: People,TRUE,Musicians,LiSA,LiSA
Real world: People,TRUE,Musicians,Logic,Logic
Real world: People,TRUE,Musicians,Ludwig van Beethoven,Ludwig van Beethoven
Real world: People,TRUE,Musicians,Majiko,Majiko
Real world: People,TRUE,Musicians,Mano Erina,Mano Erina
Real world: People,TRUE,Musicians,Marashii,Marashii
Real world: People,TRUE,Musicians,Maria,Maria
Real world: People,TRUE,Musicians,Mariah Carey,Mariah Carey
Real world: People,TRUE,Musicians,Marshmello,Marshmello
Real world: People,TRUE,Musicians,Matsui Jurina,Matsui Jurina
Real world: People,TRUE,Musicians,Matsui Rena,Matsui Rena
Real world: People,TRUE,Musicians,MC Hammer,MC Hammer
Real world: People,TRUE,Musicians,Megan Thee Stallion,Megan Thee Stallion
Real world: People,TRUE,Musicians,Michael Jackson,Michael Jackson
Real world: People,TRUE,Musicians,Mike Mangini,Mike Mangini
Real world: People,TRUE,Musicians,Mike Shinoda,Mike Shinoda
Real world: People,TRUE,Musicians,Mizuki Ichirou,Mizuki Ichirou
Real world: People,TRUE,Musicians,Moriguchi Hiroko,Moriguchi Hiroko
Real world: People,TRUE,Musicians,Nishidera Gouta,Nishidera Gouta
Real world: People,TRUE,Musicians,Okazaki Ritsuko,Okazaki Ritsuko
Real world: People,TRUE,Musicians,Ozzy Osbourne,Ozzy Osbourne
Real world: People,TRUE,Musicians,Par Sundstrom,Par Sundstrom
Real world: People,TRUE,Musicians,Paul McCartney,Paul McCartney
Real world: People,TRUE,Musicians,Peter Steele,Peter Steele
Real world: People,TRUE,Musicians,Psy,Psy
Real world: People,TRUE,Musicians,Pyotr Illyich Tchaikovsky,Pyotr Illyich Tchaikovsky
Real world: People,TRUE,Musicians,Ray Manzarek,Ray Manzarek
Real world: People,TRUE,Musicians,Reol,Reol
Real world: People,TRUE,Musicians,Richard Wagner,Richard Wagner
Real world: People,TRUE,Musicians,Rick Astley,Rick Astley
Real world: People,TRUE,Musicians,Ringo Starr,Ringo Starr
Real world: People,TRUE,Musicians,Rob Bourdon,Rob Bourdon
Real world: People,TRUE,Musicians,Rob Halford,Rob Halford
Real world: People,TRUE,Musicians,Robert Plant,Robert Plant
Real world: People,TRUE,Musicians,Robby Krieger,Robby Krieger
Real world: People,TRUE,Musicians,Ronnie James Dio,Ronnie James Dio
Real world: People,TRUE,Musicians,Rose,Rose
Real world: People,TRUE,Musicians,Scatman John,Scatman John
Real world: People,TRUE,Musicians,Serj Tankian,Serj Tankian
Real world: People,TRUE,Musicians,Seulgi,Seulgi
Real world: People,TRUE,Musicians,Skrillex,Skrillex
Real world: People,TRUE,Musicians,Slash,Slash
Real world: People,TRUE,Musicians,Snoop Dogg,Snoop Dogg
Real world: People,TRUE,Musicians,Solar,Solar
Real world: People,TRUE,Musicians,Sunmi,Sunmi
Real world: People,TRUE,Musicians,Suzuki Masayuki,Suzuki Masayuki
Real world: People,TRUE,Musicians,T.O.P,T.O.P
Real world: People,TRUE,Musicians,Takayuki Miyauchi,Takayuki Miyauchi
Real world: People,TRUE,Musicians,Takeuchi Mariya,Takeuchi Mariya
Real world: People,TRUE,Musicians,Thomas Bangalter,Thomas Bangalter
Real world: People,TRUE,Musicians,Tommy Johansson,Tommy Johansson
Real world: People,TRUE,Musicians,Tupac Shakur,Tupac Shakur
Real world: People,TRUE,Musicians,Tzuyu,Tzuyu
Real world: People,TRUE,Musicians,Wada Akiko,Wada Akiko
Real world: People,TRUE,Musicians,Wada Kouji,Wada Kouji
Real world: People,TRUE,Musicians,Wolfgang Amadeus Mozart,Wolfgang Amadeus Mozart
Real world: People,TRUE,Musicians,Yagami Kumi,Yagami Kumi
Real world: People,TRUE,Musicians,Yamagata Yukio,Yamagata Yukio
Real world: People,TRUE,Musicians,Yngwie Malmsteen,Yngwie Malmsteen
Real world: People,TRUE,Musicians,Yonezu Kenshi,Yonezu Kenshi
Real world: People,TRUE,Musicians,Yu Yan,Yu Yan
Real world: People,TRUE,Musicians,Yulia Olegovna Volkova,Yulia Olegovna Volkova
Real world: People,TRUE,Television Figures,Arino Shin'ya,Arino Shin'ya
Real world: People,TRUE,Television Figures,Bob Ross,Bob Ross
Real world: People,TRUE,Television Figures,David Letterman,David Letterman
Real world: People,TRUE,Television Figures,Gordon Ramsay,Gordon Ramsay
Real world: People,TRUE,Television Figures,Guy Fieri,Guy Fieri
Real world: People,TRUE,Television Figures,Jon Stewart,Jon Stewart
Real world: People,TRUE,Television Figures,Regis Philbin,Regis Philbin
Real world: People,TRUE,Television Figures,Sakana-kun,Sakana-kun
Real world: People,TRUE,Television Figures,Stephen Colbert,Stephen Colbert
Real world: People,TRUE,Television Figures,Steve Irwin,Steve Irwin
Real world: People,TRUE,Political Figures,Abraham Lincoln,Abraham Lincoln
Real world: People,TRUE,Political Figures,Barack Obama,Barack Obama
Real world: People,TRUE,Political Figures,Benjamin Franklin,Benjamin Franklin
Real world: People,TRUE,Political Figures,Bernie Sanders,Bernie Sanders
Real world: People,TRUE,Political Figures,Bill Clinton,Bill Clinton
Real world: People,TRUE,Political Figures,Condoleezza Rice,Condoleezza Rice
Real world: People,TRUE,Political Figures,Donald Rumsfeld,Donald Rumsfeld
Real world: People,TRUE,Political Figures,Donald Trump,Donald Trump
Real world: People,TRUE,Political Figures,Dwight D. Eisenhower,Dwight D. Eisenhower
Real world: People,TRUE,Political Figures,Franklin D. Roosevelt,Franklin D. Roosevelt
Real world: People,TRUE,Political Figures,George W. Bush,George W. Bush
Real world: People,TRUE,Political Figures,George H.W. Bush,George H.W. Bush
Real world: People,TRUE,Political Figures,George Washington,George Washington
Real world: People,TRUE,Political Figures,Harry S Truman,Harry S Truman
Real world: People,TRUE,Political Figures,Hillary Clinton,Hillary Clinton
Real world: People,TRUE,Political Figures,Jeb Bush,Jeb Bush
Real world: People,TRUE,Political Figures,Joe Biden,Joe Biden
Real world: People,TRUE,Political Figures,John McCain,John McCain
Real world: People,TRUE,Political Figures,John F. Kennedy,John F. Kennedy
Real world: People,TRUE,Political Figures,Kamala Harris,Kamala Harris
Real world: People,TRUE,Political Figures,Mike Pence,Mike Pence
Real world: People,TRUE,Political Figures,Richard Nixon,Richard Nixon
Real world: People,TRUE,Political Figures,Theodore Roosevelt,Theodore Roosevelt
Real world: People,TRUE,Political Figures,Thomas Jefferson,Thomas Jefferson
Real world: People,TRUE,Political Figures,Tim Kaine,Tim Kaine
Real world: People,TRUE,Businessmen,Bill Gates,Bill Gates
Real world: People,TRUE,Businessmen,"""Colonel"" Harland Sanders","""Colonel"" Harland Sanders"
Real world: People,TRUE,Businessmen,Eric Schmidt,Eric Schmidt
Real world: People,TRUE,Businessmen,Jeffrey Epstein,Jeffrey Epstein
Real world: People,TRUE,Businessmen,Mark Zuckerberg,Mark Zuckerberg
Real world: People,TRUE,Businessmen,Scott K Oelkers,Scott K Oelkers
Real world: People,TRUE,Businessmen,Scott Richards,Scott Richards
Real world: People,TRUE,Businessmen,Steve Jobs,Steve Jobs
Real world: People,TRUE,Businessmen,Tazumi Riku,Tazumi Riku
Real world: People,TRUE,Businessmen,Yagoo,Yagoo
Real world: People,TRUE,Scientists and Engineers,Albert Einstein,Albert Einstein
Real world: People,TRUE,Scientists and Engineers,Alfred Adler,Alfred Adler
Real world: People,TRUE,Scientists and Engineers,Carl Gustav Jung,Carl Gustav Jung
Real world: People,TRUE,Scientists and Engineers,Elon Musk,Elon Musk
Real world: People,TRUE,Scientists and Engineers,Ferdinand Porsche,Ferdinand Porsche
Real world: People,TRUE,Scientists and Engineers,GrowHair (Kobayashi Hideaki),GrowHair (Kobayashi Hideaki)
Real world: People,TRUE,Scientists and Engineers,Hosoda Satoshi,Hosoda Satoshi
Real world: People,TRUE,Scientists and Engineers,Igor,Igor
Real world: People,TRUE,Scientists and Engineers,Grichka Bogdanoff,Grichka Bogdanoff
Real world: People,TRUE,Scientists and Engineers,Isaac Newton,Isaac Newton
Real world: People,TRUE,Scientists and Engineers,Josef Mengele,Josef Mengele
Real world: People,TRUE,Scientists and Engineers,Jordan Peterson,Jordan Peterson
Real world: People,TRUE,Scientists and Engineers,Leonardo da Vinci,Leonardo da Vinci
Real world: People,TRUE,Scientists and Engineers,Nikola Tesla,Nikola Tesla
Real world: People,TRUE,Scientists and Engineers,René Descartes,René Descartes
Real world: People,TRUE,Scientists and Engineers,Sigmund Freud,Sigmund Freud
Real world: People,TRUE,Scientists and Engineers,Stephen Hawking,Stephen Hawking
Real world: People,TRUE,Astronauts and Cosmonauts,Alan Shepard,Alan Shepard
Real world: People,TRUE,Astronauts and Cosmonauts,Buzz Aldrin,Buzz Aldrin
Real world: People,TRUE,Astronauts and Cosmonauts,Neil Armstrong,Neil Armstrong
Real world: People,TRUE,Astronauts and Cosmonauts,Valentina Tereshkova,Valentina Tereshkova
Real world: People,TRUE,Astronauts and Cosmonauts,Yuri Gagarin,Yuri Gagarin
Real world: People,TRUE,Sportspersons,Ahmad Bradshaw,Ahmad Bradshaw
Real world: People,TRUE,Sportspersons,Ben Roethlisberger,Ben Roethlisberger
Real world: People,TRUE,Sportspersons,Deebo Samuel,Deebo Samuel
Real world: People,TRUE,Sportspersons,Drew Brees,Drew Brees
Real world: People,TRUE,Sportspersons,Eli Manning,Eli Manning
Real world: People,TRUE,Sportspersons,JJ Watt,JJ Watt
Real world: People,TRUE,Sportspersons,Joe Montana,Joe Montana
Real world: People,TRUE,Sportspersons,Julian Edelman,Julian Edelman
Real world: People,TRUE,Sportspersons,Khalil Mack,Khalil Mack
Real world: People,TRUE,Sportspersons,Lamar Jackson,Lamar Jackson
Real world: People,TRUE,Sportspersons,Micah Parsons,Micah Parsons
Real world: People,TRUE,Sportspersons,Thurman Thomas,Thurman Thomas
Real world: People,TRUE,Sportspersons,Tom Brady,Tom Brady
Real world: People,TRUE,Sportspersons,Troy Polamalu,Troy Polamalu
Real world: People,TRUE,Military,Anatoly Mikhaylovich Stessel,Anatoly Mikhaylovich Stessel
Real world: People,TRUE,Military,Alfred von Tirpitz,Alfred von Tirpitz
Real world: People,TRUE,Military,Bernard Montgomery,Bernard Montgomery
Real world: People,TRUE,Military,Brett Crozier,Brett Crozier
Real world: People,TRUE,Military,Chester W. Nimitz,Chester W. Nimitz
Real world: People,TRUE,Military,Chen Wun-tian,Chen Wun-tian
Real world: People,TRUE,Military,Chuck Yeager,Chuck Yeager
Real world: People,TRUE,Military,Dong Laifu,Dong Laifu
Real world: People,TRUE,Military,Douglas Macarthur,Douglas Macarthur
Real world: People,TRUE,Military,Emiliano Zapata,Emiliano Zapata
Real world: People,TRUE,Military,Erich Hartmann,Erich Hartmann
Real world: People,TRUE,Military,Erich von Manstein,Erich von Manstein
Real world: People,TRUE,Military,Erwin Rommel,Erwin Rommel
Real world: People,TRUE,Military,Fujimoto Kikuo,Fujimoto Kikuo
Real world: People,TRUE,Military,George Brydges Rodney,George Brydges Rodney
Real world: People,TRUE,Military,George S Patton,George S Patton
Real world: People,TRUE,Military,Gerhard Barkhorn,Gerhard Barkhorn
Real world: People,TRUE,Military,Georgy Zhukov,Georgy Zhukov
Real world: People,TRUE,Military,Gilles de Rais,Gilles de Rais
Real world: People,TRUE,Military,Hans-ulrich Rudel,Hans-ulrich Rudel
Real world: People,TRUE,Military,Hermann Wilhelm Goering,Hermann Wilhelm Goering
Real world: People,TRUE,Military,Hijikata Toshizou,Hijikata Toshizou
Real world: People,TRUE,Military,Horatio Nelson,Horatio Nelson
Real world: People,TRUE,Military,Jeanne d'Arc,Jeanne d'Arc
Real world: People,TRUE,Military,Jimmy Doolittle,Jimmy Doolittle
Real world: People,TRUE,Military,Katou Tateo,Katou Tateo
Real world: People,TRUE,Military,Leonidas of Sparta,Leonidas of Sparta
Real world: People,TRUE,Military,Lin Biao,Lin Biao
Real world: People,TRUE,Military,Lu Bu,Lu Bu
Real world: People,TRUE,Military,Manuel Xavier Rodriguez Erdoiza,Manuel Xavier Rodriguez Erdoiza
Real world: People,TRUE,Military,Matthew Perry,Matthew Perry
Real world: People,TRUE,Military,Michael Wittmann,Michael Wittmann
Real world: People,TRUE,Military,Miguel Hidalgo,Miguel Hidalgo
Real world: People,TRUE,Military,Nagumo Chuuichi,Nagumo Chuuichi
Real world: People,TRUE,Military,Nie Rongzhen,Nie Rongzhen
Real world: People,TRUE,Military,Nishizumi Kojirou,Nishizumi Kojirou
Real world: People,TRUE,Military,Nogi Maresuke,Nogi Maresuke
Real world: People,TRUE,Military,Otto Carius,Otto Carius
Real world: People,TRUE,Military,Pancho Villa,Pancho Villa
Real world: People,TRUE,Military,Philippe Petain,Philippe Petain
Real world: People,TRUE,Military,Porfirio Diaz,Porfirio Diaz
Real world: People,TRUE,Military,Prince Eugene of Savoy,Prince Eugene of Savoy
Real world: People,TRUE,Military,Robert E. Lee,Robert E. Lee
Real world: People,TRUE,Military,Sakai Saburou,Sakai Saburou
Real world: People,TRUE,Military,Samuel Nobre Moore,Samuel Nobre Moore
Real world: People,TRUE,Military,Semyon Timoshenko,Semyon Timoshenko
Real world: People,TRUE,Military,Takahashi Sankichi,Takahashi Sankichi
Real world: People,TRUE,Military,Tougou Heihachirou,Tougou Heihachirou
Real world: People,TRUE,Military,Vasily Zaytsev,Vasily Zaytsev
Real world: People,TRUE,Military,Viktor Ivanovich Belenko,Viktor Ivanovich Belenko
Real world: People,TRUE,Military,William George Tennant,William George Tennant
Real world: People,TRUE,Military,"William Halsey, Jr.","William Halsey, Jr."
Real world: People,TRUE,Military,Yamaguchi Tamon,Yamaguchi Tamon
Real world: People,TRUE,Military,Yamamoto Isoroku,Yamamoto Isoroku
Real world: People,TRUE,Video games,Dan Forden,Dan Forden
Real world: People,TRUE,Video games,Gabe Newell,Gabe Newell
Real world: People,TRUE,Video games,Harada Katsuhiro,Harada Katsuhiro
Real world: People,TRUE,Video games,Igarashi Kouji,Igarashi Kouji
Real world: People,TRUE,Video games,Iwata Satoru,Iwata Satoru
Real world: People,TRUE,Video games,Kojima Hideo,Kojima Hideo
Real world: People,TRUE,Video games,Mikami Shinji,Mikami Shinji
Real world: People,TRUE,Video games,Miyamoto Shigeru,Miyamoto Shigeru
Real world: People,TRUE,Video games,Ono Yoshinori,Ono Yoshinori
Real world: People,TRUE,Video games,Sakurai Masahiro,Sakurai Masahiro
Real world: People,TRUE,Video games,Sano Takayuki,Sano Takayuki
Real world: People,TRUE,Video games,Suda51,Suda51
Real world: People,TRUE,Video games,Sugimori Ken,Sugimori Ken
Real world: People,TRUE,Video games,Tanaka Kensuke,Tanaka Kensuke
Real world: People,TRUE,Video games,Todd Howard,Todd Howard
Real world: People,TRUE,Video games,Yokoi Gunpei,Yokoi Gunpei
Real world: People,TRUE,Video games,ZUN,ZUN
Real world: People,TRUE,Internet-related,Albert Yi,Albert Yi
Real world: People,TRUE,Internet-related,Monty Oum,Monty Oum
Real world: People,TRUE,Internet-related,Moot,Moot
Real world: People,TRUE,Internet-related,Jimmy Wales,Jimmy Wales
Real world: People,TRUE,Internet-related,Katya Lischina,Katya Lischina
Real world: People,TRUE,Internet-related,Linus Sebastian,Linus Sebastian
Real world: People,TRUE,Internet-related,Nikocado Avocado,Nikocado Avocado
Real world: People,TRUE,Internet-related,Nusret Gokce,Nusret Gokce
Real world: People,TRUE,Internet-related,Qinni,Qinni
Real world: People,TRUE,Internet-related,Yulia Nova,Yulia Nova
Real world: People,TRUE,Other,Akishino Kako,Akishino Kako
Real world: People,TRUE,Other,Akishino Mako,Akishino Mako
Real world: People,TRUE,Other,Abigail Shapiro,Abigail Shapiro
Real world: People,TRUE,Other,Ako,Ako
Real world: People,TRUE,Other,Aleksandr Ilyich Ulyanov,Aleksandr Ilyich Ulyanov
Real world: People,TRUE,Other,Anbitaso,Anbitaso
Real world: People,TRUE,Other,Ben Shapiro,Ben Shapiro
Real world: People,TRUE,Other,Big Man Tyrone,Big Man Tyrone
Real world: People,TRUE,Other,Choi Seol-Hwa,Choi Seol-Hwa
Real world: People,TRUE,Other,Domoarigathanks,Domoarigathanks
Real world: People,TRUE,Other,Elian Gonzalez,Elian Gonzalez
Real world: People,TRUE,Other,Ilya Nikolayevich Ulyanov,Ilya Nikolayevich Ulyanov
Real world: People,TRUE,Other,Inessa Armand,Inessa Armand
Real world: People,TRUE,Other,Jake Angeli,Jake Angeli
Real world: People,TRUE,Other,Justinius Builds,Justinius Builds
Real world: People,TRUE,Other,Kobashiri.,Kobashiri.
Real world: People,TRUE,Other,La Malinche,La Malinche
Real world: People,TRUE,Other,Maria Alexandrovna Ulyanova,Maria Alexandrovna Ulyanova
Real world: People,TRUE,Other,Nadezhda Konstantinovna Krupskaya,Nadezhda Konstantinovna Krupskaya
Real world: People,TRUE,Other,Nguyen Phung,Nguyen Phung
Real world: People,TRUE,Other,Nishida Kouji,Nishida Kouji
Real world: People,TRUE,Other,Okabe Isaku,Okabe Isaku
Real world: People,TRUE,Other,Orita Hikoichi,Orita Hikoichi
Real world: People,TRUE,Other,Ricardo Milos,Ricardo Milos
Real world: People,TRUE,Other,Tatiana Nikolaevna Romanova,Tatiana Nikolaevna Romanova
Real world: People,TRUE,Other,Terry A Davis,Terry A Davis
Real world: People,TRUE,Other,William Brooke Joyce,William Brooke Joyce
