Section,Multiselect,Category,Label,Tag
"More Copyrights, artists, projects and media: disambiguation pages",TRUE,Nouns,1-gou,1-gou
"More Copyrights, artists, projects and media: disambiguation pages",TRUE,Nouns,1gou,1gou
"More Copyrights, artists, projects and media: disambiguation pages",TRUE,Nouns,ichigou,ichigou
"More Copyrights, artists, projects and media: disambiguation pages",TRUE,Single Names (some may be in the Nouns category),Abigail,Abigail
"More Copyrights, artists, projects and media: disambiguation pages",TRUE,Single Names (some may be in the Nouns category),Acchii,Acchii
"More Copyrights, artists, projects and media: disambiguation pages",TRUE,Single Names (some may be in the Nouns category),Adam,Adam
"More Copyrights, artists, projects and media: disambiguation pages",TRUE,Single Names (some may be in the Nouns category),Agatha,Agatha
"More Copyrights, artists, projects and media: disambiguation pages",TRUE,Single Names (some may be in the Nouns category),Aguri,Aguri
"More Copyrights, artists, projects and media: disambiguation pages",TRUE,Single Names (some may be in the Nouns category),Ai,Ai
"More Copyrights, artists, projects and media: disambiguation pages",TRUE,Single Names (some may be in the Nouns category),Aiba,Aiba
"More Copyrights, artists, projects and media: disambiguation pages",TRUE,Single Names (some may be in the Nouns category),Aida,Aida
"More Copyrights, artists, projects and media: disambiguation pages",TRUE,Single Names (some may be in the Nouns category),Aiko,Aiko
"More Copyrights, artists, projects and media: disambiguation pages",TRUE,Single Names (some may be in the Nouns category),Aino,Aino
"More Copyrights, artists, projects and media: disambiguation pages",TRUE,Single Names (some may be in the Nouns category),Akagi,Akagi
"More Copyrights, artists, projects and media: disambiguation pages",TRUE,Single Names (some may be in the Nouns category),Akai,Akai
"More Copyrights, artists, projects and media: disambiguation pages",TRUE,Single Names (some may be in the Nouns category),Ako,Ako
"More Copyrights, artists, projects and media: disambiguation pages",TRUE,Single Names (some may be in the Nouns category),Albion,Albion
"More Copyrights, artists, projects and media: disambiguation pages",TRUE,Single Names (some may be in the Nouns category),Alen,Alen
"More Copyrights, artists, projects and media: disambiguation pages",TRUE,Single Names (some may be in the Nouns category),Ali,Ali
"More Copyrights, artists, projects and media: disambiguation pages",TRUE,Single Names (some may be in the Nouns category),Alice,Alice
"More Copyrights, artists, projects and media: disambiguation pages",TRUE,Single Names (some may be in the Nouns category),Alicia,Alicia
"More Copyrights, artists, projects and media: disambiguation pages",TRUE,Single Names (some may be in the Nouns category),Alisa,Alisa
"More Copyrights, artists, projects and media: disambiguation pages",TRUE,Single Names (some may be in the Nouns category),Alucard,Alucard
"More Copyrights, artists, projects and media: disambiguation pages",TRUE,Single Names (some may be in the Nouns category),Aliza,Aliza
"More Copyrights, artists, projects and media: disambiguation pages",TRUE,Single Names (some may be in the Nouns category),Amahara,Amahara
"More Copyrights, artists, projects and media: disambiguation pages",TRUE,Single Names (some may be in the Nouns category),Amakusa,Amakusa
"More Copyrights, artists, projects and media: disambiguation pages",TRUE,Single Names (some may be in the Nouns category),Amami,Amami
"More Copyrights, artists, projects and media: disambiguation pages",TRUE,Single Names (some may be in the Nouns category),Amanda,Amanda
"More Copyrights, artists, projects and media: disambiguation pages",TRUE,Single Names (some may be in the Nouns category),Amelia,Amelia
"More Copyrights, artists, projects and media: disambiguation pages",TRUE,Single Names (some may be in the Nouns category),Amemiya,Amemiya
"More Copyrights, artists, projects and media: disambiguation pages",TRUE,Single Names (some may be in the Nouns category),Amin,Amin
"More Copyrights, artists, projects and media: disambiguation pages",TRUE,Single Names (some may be in the Nouns category),Amy,Amy
"More Copyrights, artists, projects and media: disambiguation pages",TRUE,Single Names (some may be in the Nouns category),Ana,Ana
"More Copyrights, artists, projects and media: disambiguation pages",TRUE,Single Names (some may be in the Nouns category),Anastasia,Anastasia
"More Copyrights, artists, projects and media: disambiguation pages",TRUE,Single Names (some may be in the Nouns category),Andrew,Andrew
"More Copyrights, artists, projects and media: disambiguation pages",TRUE,Single Names (some may be in the Nouns category),Ange,Ange
"More Copyrights, artists, projects and media: disambiguation pages",TRUE,Single Names (some may be in the Nouns category),Angela,Angela
"More Copyrights, artists, projects and media: disambiguation pages",TRUE,Single Names (some may be in the Nouns category),Angelica,Angelica
"More Copyrights, artists, projects and media: disambiguation pages",TRUE,Single Names (some may be in the Nouns category),Angelina,Angelina
"More Copyrights, artists, projects and media: disambiguation pages",TRUE,Single Names (some may be in the Nouns category),Anna,Anna
"More Copyrights, artists, projects and media: disambiguation pages",TRUE,Single Names (some may be in the Nouns category),Anne,Anne
"More Copyrights, artists, projects and media: disambiguation pages",TRUE,Single Names (some may be in the Nouns category),Annette,Annette
"More Copyrights, artists, projects and media: disambiguation pages",TRUE,Single Names (some may be in the Nouns category),Annie,Annie
"More Copyrights, artists, projects and media: disambiguation pages",TRUE,Single Names (some may be in the Nouns category),Anthony,Anthony
"More Copyrights, artists, projects and media: disambiguation pages",TRUE,Single Names (some may be in the Nouns category),Antonia,Antonia
"More Copyrights, artists, projects and media: disambiguation pages",TRUE,Single Names (some may be in the Nouns category),Aoba,Aoba
"More Copyrights, artists, projects and media: disambiguation pages",TRUE,Single Names (some may be in the Nouns category),Aoi,Aoi
"More Copyrights, artists, projects and media: disambiguation pages",TRUE,Single Names (some may be in the Nouns category),Aojin,Aojin
"More Copyrights, artists, projects and media: disambiguation pages",TRUE,Single Names (some may be in the Nouns category),Aono,Aono
"More Copyrights, artists, projects and media: disambiguation pages",TRUE,Single Names (some may be in the Nouns category),Apollo,Apollo
"More Copyrights, artists, projects and media: disambiguation pages",TRUE,Single Names (some may be in the Nouns category),Arai,Arai
"More Copyrights, artists, projects and media: disambiguation pages",TRUE,Single Names (some may be in the Nouns category),Ari,Ari
"More Copyrights, artists, projects and media: disambiguation pages",TRUE,Single Names (some may be in the Nouns category),Ariel,Ariel
"More Copyrights, artists, projects and media: disambiguation pages",TRUE,Single Names (some may be in the Nouns category),Artemis,Artemis
"More Copyrights, artists, projects and media: disambiguation pages",TRUE,Single Names (some may be in the Nouns category),Arthur,Arthur
"More Copyrights, artists, projects and media: disambiguation pages",TRUE,Single Names (some may be in the Nouns category),Aruto,Aruto
"More Copyrights, artists, projects and media: disambiguation pages",TRUE,Single Names (some may be in the Nouns category),Asama,Asama
"More Copyrights, artists, projects and media: disambiguation pages",TRUE,Single Names (some may be in the Nouns category),Ash,Ash
"More Copyrights, artists, projects and media: disambiguation pages",TRUE,Single Names (some may be in the Nouns category),Ashley,Ashley
"More Copyrights, artists, projects and media: disambiguation pages",TRUE,Single Names (some may be in the Nouns category),Astrid,Astrid
"More Copyrights, artists, projects and media: disambiguation pages",TRUE,Single Names (some may be in the Nouns category),Asuka,Asuka
"More Copyrights, artists, projects and media: disambiguation pages",TRUE,Single Names (some may be in the Nouns category),Asuna,Asuna
"More Copyrights, artists, projects and media: disambiguation pages",TRUE,Single Names (some may be in the Nouns category),Asura,Asura
"More Copyrights, artists, projects and media: disambiguation pages",TRUE,Single Names (some may be in the Nouns category),Athena,Athena
"More Copyrights, artists, projects and media: disambiguation pages",TRUE,Single Names (some may be in the Nouns category),Avril,Avril
"More Copyrights, artists, projects and media: disambiguation pages",TRUE,Single Names (some may be in the Nouns category),Axel,Axel
"More Copyrights, artists, projects and media: disambiguation pages",TRUE,Single Names (some may be in the Nouns category),Aya,Aya
"More Copyrights, artists, projects and media: disambiguation pages",TRUE,Single Names (some may be in the Nouns category),Ayaka,Ayaka
"More Copyrights, artists, projects and media: disambiguation pages",TRUE,Single Names (some may be in the Nouns category),Ayako,Ayako
"More Copyrights, artists, projects and media: disambiguation pages",TRUE,Single Names (some may be in the Nouns category),Ayane,Ayane
"More Copyrights, artists, projects and media: disambiguation pages",TRUE,Single Names (some may be in the Nouns category),Ayase,Ayase
"More Copyrights, artists, projects and media: disambiguation pages",TRUE,Single Names (some may be in the Nouns category),Ayn,Ayn
"More Copyrights, artists, projects and media: disambiguation pages",TRUE,Single Names (some may be in the Nouns category),Azuma,Azuma
"More Copyrights, artists, projects and media: disambiguation pages",TRUE,Single Names (some may be in the Nouns category),Azumi,Azumi
"More Copyrights, artists, projects and media: disambiguation pages",TRUE,Proper Names,Aihara Yuuki,Aihara Yuuki
"More Copyrights, artists, projects and media: disambiguation pages",TRUE,Proper Names,Aizawa Yuu,Aizawa Yuu
"More Copyrights, artists, projects and media: disambiguation pages",TRUE,Proper Names,Akai Ringo,Akai Ringo
"More Copyrights, artists, projects and media: disambiguation pages",TRUE,Proper Names,Amano Hina,Amano Hina
"More Copyrights, artists, projects and media: disambiguation pages",TRUE,Proper Names,Amano Misao,Amano Misao
"More Copyrights, artists, projects and media: disambiguation pages",TRUE,Proper Names,Amano Yuri,Amano Yuri
"More Copyrights, artists, projects and media: disambiguation pages",TRUE,Proper Names,Amaterasu,Amaterasu
"More Copyrights, artists, projects and media: disambiguation pages",TRUE,Proper Names,Asahina Kyouko,Asahina Kyouko
"More Copyrights, artists, projects and media: disambiguation pages",TRUE,Proper Names,Ayano Yuu,Ayano Yuu
"More Copyrights, artists, projects and media: disambiguation pages",TRUE,Proper Names,Calamity Jane,Calamity Jane
"More Copyrights, artists, projects and media: disambiguation pages",TRUE,Proper Names,Etou Misaki,Etou Misaki
"More Copyrights, artists, projects and media: disambiguation pages",TRUE,Proper Names,Fionn mac Cumhaill,Fionn mac Cumhaill
"More Copyrights, artists, projects and media: disambiguation pages",TRUE,Proper Names,Fujisawa Yayoi,Fujisawa Yayoi
"More Copyrights, artists, projects and media: disambiguation pages",TRUE,Proper Names,Gou Hiromi,Gou Hiromi
"More Copyrights, artists, projects and media: disambiguation pages",TRUE,Proper Names,Hattori Kanako,Hattori Kanako
"More Copyrights, artists, projects and media: disambiguation pages",TRUE,Proper Names,Hino Akane,Hino Akane
"More Copyrights, artists, projects and media: disambiguation pages",TRUE,Proper Names,Hishizaki Shaia,Hishizaki Shaia
"More Copyrights, artists, projects and media: disambiguation pages",TRUE,Proper Names,Hiyama Izumi,Hiyama Izumi
"More Copyrights, artists, projects and media: disambiguation pages",TRUE,Proper Names,Ichinose Honami,Ichinose Honami
"More Copyrights, artists, projects and media: disambiguation pages",TRUE,Proper Names,Imai Yuka,Imai Yuka
"More Copyrights, artists, projects and media: disambiguation pages",TRUE,Proper Names,Itou Shinji,Itou Shinji
"More Copyrights, artists, projects and media: disambiguation pages",TRUE,Proper Names,Kamishiro Mai,Kamishiro Mai
"More Copyrights, artists, projects and media: disambiguation pages",TRUE,Proper Names,Kasugano Urara,Kasugano Urara
"More Copyrights, artists, projects and media: disambiguation pages",TRUE,Proper Names,Kisaragi Yuu,Kisaragi Yuu
"More Copyrights, artists, projects and media: disambiguation pages",TRUE,Proper Names,Kobayashi Makoto,Kobayashi Makoto
"More Copyrights, artists, projects and media: disambiguation pages",TRUE,Proper Names,Komatsu-hime,Komatsu-hime
"More Copyrights, artists, projects and media: disambiguation pages",TRUE,Proper Names,Konno Yuuki,Konno Yuuki
"More Copyrights, artists, projects and media: disambiguation pages",TRUE,Proper Names,Matsunaga Hisahide,Matsunaga Hisahide
"More Copyrights, artists, projects and media: disambiguation pages",TRUE,Proper Names,Mikami Yuuki,Mikami Yuuki
"More Copyrights, artists, projects and media: disambiguation pages",TRUE,Proper Names,Ootori Kanae,Ootori Kanae
"More Copyrights, artists, projects and media: disambiguation pages",TRUE,Proper Names,Oozora Haruka,Oozora Haruka
"More Copyrights, artists, projects and media: disambiguation pages",TRUE,Proper Names,Sakai Yuki,Sakai Yuki
"More Copyrights, artists, projects and media: disambiguation pages",TRUE,Proper Names,Sakura Itsuki,Sakura Itsuki
"More Copyrights, artists, projects and media: disambiguation pages",TRUE,Proper Names,Sakurai Nozomi,Sakurai Nozomi
"More Copyrights, artists, projects and media: disambiguation pages",TRUE,Proper Names,Sanada Nobuyuki,Sanada Nobuyuki
"More Copyrights, artists, projects and media: disambiguation pages",TRUE,Proper Names,Sasahara Natsuki,Sasahara Natsuki
"More Copyrights, artists, projects and media: disambiguation pages",TRUE,Proper Names,Sashio Sae,Sashio Sae
"More Copyrights, artists, projects and media: disambiguation pages",TRUE,Proper Names,Shimada Kai,Shimada Kai
"More Copyrights, artists, projects and media: disambiguation pages",TRUE,Proper Names,Tachibana Chizuru,Tachibana Chizuru
"More Copyrights, artists, projects and media: disambiguation pages",TRUE,Proper Names,Tachibana Hibiki,Tachibana Hibiki
"More Copyrights, artists, projects and media: disambiguation pages",TRUE,Proper Names,Tachibana Sakuya,Tachibana Sakuya
"More Copyrights, artists, projects and media: disambiguation pages",TRUE,Proper Names,Tachibana Tomoe,Tachibana Tomoe
"More Copyrights, artists, projects and media: disambiguation pages",TRUE,Proper Names,Tachibana Yukino,Tachibana Yukino
"More Copyrights, artists, projects and media: disambiguation pages",TRUE,Proper Names,Takasaki Misaki,Takasaki Misaki
"More Copyrights, artists, projects and media: disambiguation pages",TRUE,Proper Names,Takagi Wataru,Takagi Wataru
"More Copyrights, artists, projects and media: disambiguation pages",TRUE,Proper Names,Watari Yuu,Watari Yuu
"More Copyrights, artists, projects and media: disambiguation pages",TRUE,Proper Names,Yamabuki Kaede,Yamabuki Kaede
"More Copyrights, artists, projects and media: disambiguation pages",TRUE,Proper Names,Yamada Maya,Yamada Maya
"More Copyrights, artists, projects and media: disambiguation pages",TRUE,See Also,Help:Tags,Help:Tags
"More Copyrights, artists, projects and media: disambiguation pages",TRUE,See Also,Tag groups,Tag groups
"More Copyrights, artists, projects and media: uniforms",TRUE,Real Life Uniforms,Japan Air Self-Defense Force,Japan Air Self-Defense Force
"More Copyrights, artists, projects and media: uniforms",TRUE,Real Life Uniforms,Japan Ground Self-Defense Force,Japan Ground Self-Defense Force
"More Copyrights, artists, projects and media: uniforms",TRUE,Real Life Uniforms,Japan Maritime Self-Defense Force,Japan Maritime Self-Defense Force
"More Copyrights, artists, projects and media: uniforms",TRUE,Real Life Uniforms,Military hat,Military hat
"More Copyrights, artists, projects and media: uniforms",TRUE,Real Life Uniforms,Military jacket,Military jacket
"More Copyrights, artists, projects and media: uniforms",TRUE,Real Life Uniforms,Naval uniform,Naval uniform
"More Copyrights, artists, projects and media: uniforms",TRUE,Real Life Uniforms,Pilot uniform,Pilot uniform
"More Copyrights, artists, projects and media: uniforms",TRUE,Real Life Uniforms,Sailor,Sailor
"More Copyrights, artists, projects and media: uniforms",TRUE,Fictional Series,Kouryoukan Academy school uniform,Kouryoukan Academy school uniform
"More Copyrights, artists, projects and media: uniforms",TRUE,Original Uniforms,Milkhall MOO uniform,Milkhall MOO uniform
"More Copyrights, artists, projects and media: uniforms",TRUE,See also,Attire,Attire
"More Copyrights, artists, projects and media: tagged songs",TRUE,DeeMo,The Dragon Knights,The Dragon Knights
"More Copyrights, artists, projects and media: tagged songs",TRUE,DeeMo,Kimi to Boku no Mirai,Kimi to Boku no Mirai
"More Copyrights, artists, projects and media: tagged songs",TRUE,DeeMo,Sanbagarasu Otoko Uta,Sanbagarasu Otoko Uta
"More Copyrights, artists, projects and media: tagged songs",TRUE,DeeMo,Sora no Michishirube,Sora no Michishirube
"More Copyrights, artists, projects and media: tagged songs",TRUE,Granblue Fantasy,The Dragon Knights,The Dragon Knights
"More Copyrights, artists, projects and media: tagged songs",TRUE,Granblue Fantasy,Kimi to Boku no Mirai,Kimi to Boku no Mirai
"More Copyrights, artists, projects and media: tagged songs",TRUE,Granblue Fantasy,Sanbagarasu Otoko Uta,Sanbagarasu Otoko Uta
"More Copyrights, artists, projects and media: tagged songs",TRUE,Granblue Fantasy,Sora no Michishirube,Sora no Michishirube
"More Copyrights, artists, projects and media: tagged songs",TRUE,Hololive,CapSule,CapSule
"More Copyrights, artists, projects and media: tagged songs",TRUE,Hololive,Doggy God's Street,Doggy God's Street
"More Copyrights, artists, projects and media: tagged songs",TRUE,Hololive,Heart Challenger,Heart Challenger
"More Copyrights, artists, projects and media: tagged songs",TRUE,Hololive,High Tide,High Tide
"More Copyrights, artists, projects and media: tagged songs",TRUE,Hololive,Kiseki Musubi,Kiseki Musubi
"More Copyrights, artists, projects and media: tagged songs",TRUE,Hololive,Off With Their Heads,Off With Their Heads
"More Copyrights, artists, projects and media: tagged songs",TRUE,Hololive,「Q」,「Q」
"More Copyrights, artists, projects and media: tagged songs",TRUE,Hololive,Reflect,Reflect
"More Copyrights, artists, projects and media: tagged songs",TRUE,Hololive,Saikyo Tensai Wonderful World of Korone,Saikyo Tensai Wonderful World of Korone
"More Copyrights, artists, projects and media: tagged songs",TRUE,Hololive,Shiny Smily Story,Shiny Smily Story
"More Copyrights, artists, projects and media: tagged songs",TRUE,Hololive,Violet,Violet
"More Copyrights, artists, projects and media: tagged songs",TRUE,iDOLM@STER,Aisle,Aisle
"More Copyrights, artists, projects and media: tagged songs",TRUE,iDOLM@STER,Crazy Crazy,Crazy Crazy
"More Copyrights, artists, projects and media: tagged songs",TRUE,iDOLM@STER,Dekitate Evo! Revo! Generation!,Dekitate Evo! Revo! Generation!
"More Copyrights, artists, projects and media: tagged songs",TRUE,iDOLM@STER,Do-dai,Do-dai
"More Copyrights, artists, projects and media: tagged songs",TRUE,iDOLM@STER,Etude wa Ikkyoku Dake,Etude wa Ikkyoku Dake
"More Copyrights, artists, projects and media: tagged songs",TRUE,iDOLM@STER,Furufuru Future,Furufuru Future
"More Copyrights, artists, projects and media: tagged songs",TRUE,iDOLM@STER,Goin'!!!,Goin'!!!
"More Copyrights, artists, projects and media: tagged songs",TRUE,iDOLM@STER,Hi-Fi Days,Hi-Fi Days
"More Copyrights, artists, projects and media: tagged songs",TRUE,iDOLM@STER,Kira! Mankai Smile,Kira! Mankai Smile
"More Copyrights, artists, projects and media: tagged songs",TRUE,iDOLM@STER,Little Riddle,Little Riddle
"More Copyrights, artists, projects and media: tagged songs",TRUE,iDOLM@STER,Love∞Destiny,Love∞Destiny
"More Copyrights, artists, projects and media: tagged songs",TRUE,iDOLM@STER,Love Letter,Love Letter
"More Copyrights, artists, projects and media: tagged songs",TRUE,iDOLM@STER,Marchen Debut!,Marchen Debut!
"More Copyrights, artists, projects and media: tagged songs",TRUE,iDOLM@STER,Maru Maru Mori Mori!,Maru Maru Mori Mori!
"More Copyrights, artists, projects and media: tagged songs",TRUE,iDOLM@STER,MOON NIGHT no Sei ni Shite,MOON NIGHT no Sei ni Shite
"More Copyrights, artists, projects and media: tagged songs",TRUE,iDOLM@STER,Never Say Never,Never Say Never
"More Copyrights, artists, projects and media: tagged songs",TRUE,iDOLM@STER,Nostalgia,Nostalgia
"More Copyrights, artists, projects and media: tagged songs",TRUE,iDOLM@STER,Nothing but You,Nothing but You
"More Copyrights, artists, projects and media: tagged songs",TRUE,iDOLM@STER,Pretty Liar,Pretty Liar
"More Copyrights, artists, projects and media: tagged songs",TRUE,iDOLM@STER,Ready!!,Ready!!
"More Copyrights, artists, projects and media: tagged songs",TRUE,iDOLM@STER,Reason!!,Reason!!
"More Copyrights, artists, projects and media: tagged songs",TRUE,iDOLM@STER,Saite Jewel,Saite Jewel
"More Copyrights, artists, projects and media: tagged songs",TRUE,iDOLM@STER,Seizon Honnou Valkyria,Seizon Honnou Valkyria
"More Copyrights, artists, projects and media: tagged songs",TRUE,iDOLM@STER,Star!!,Star!!
"More Copyrights, artists, projects and media: tagged songs",TRUE,iDOLM@STER,Step!,Step!
"More Copyrights, artists, projects and media: tagged songs",TRUE,iDOLM@STER,Sun Flower,Sun Flower
"More Copyrights, artists, projects and media: tagged songs",TRUE,iDOLM@STER,Tulip,Tulip
"More Copyrights, artists, projects and media: tagged songs",TRUE,iDOLM@STER,Venus Syndrome,Venus Syndrome
"More Copyrights, artists, projects and media: tagged songs",TRUE,K-ON!,Cagayake! Girls,Cagayake! Girls
"More Copyrights, artists, projects and media: tagged songs",TRUE,K-ON!,"Don't say ""Lazy""","Don't say ""Lazy"""
"More Copyrights, artists, projects and media: tagged songs",TRUE,K-ON!,FuwaFuwa Time,FuwaFuwa Time
"More Copyrights, artists, projects and media: tagged songs",TRUE,K-ON!,GO!GO! MANIAC,GO!GO! MANIAC
"More Copyrights, artists, projects and media: tagged songs",TRUE,K-ON!,Let's Go!,Let's Go!
"More Copyrights, artists, projects and media: tagged songs",TRUE,K-ON!,Listen!!,Listen!!
"More Copyrights, artists, projects and media: tagged songs",TRUE,K-ON!,"NO, Thank You!","NO, Thank You!"
"More Copyrights, artists, projects and media: tagged songs",TRUE,K-ON!,Singing!,Singing!
"More Copyrights, artists, projects and media: tagged songs",TRUE,K-ON!,Utauyo!! MIRACLE,Utauyo!! MIRACLE
"More Copyrights, artists, projects and media: tagged songs",TRUE,Love Live! School Idol Project,Angelic Angel,Angelic Angel
"More Copyrights, artists, projects and media: tagged songs",TRUE,Love Live! School Idol Project,Bokura no LIVE Kimi to no LIFE,Bokura no LIVE Kimi to no LIFE
"More Copyrights, artists, projects and media: tagged songs",TRUE,Love Live! School Idol Project,Bokura wa Ima no Naka De,Bokura wa Ima no Naka De
"More Copyrights, artists, projects and media: tagged songs",TRUE,Love Live! School Idol Project,Bokutachi wa Hitotsu no Hikari,Bokutachi wa Hitotsu no Hikari
"More Copyrights, artists, projects and media: tagged songs",TRUE,Love Live! School Idol Project,Dancing stars on me!,Dancing stars on me!
"More Copyrights, artists, projects and media: tagged songs",TRUE,Love Live! School Idol Project,Donna Toki mo Zutto,Donna Toki mo Zutto
"More Copyrights, artists, projects and media: tagged songs",TRUE,Love Live! School Idol Project,Happy maker!,Happy maker!
"More Copyrights, artists, projects and media: tagged songs",TRUE,Love Live! School Idol Project,KiRa-KiRa Sensation!,KiRa-KiRa Sensation!
"More Copyrights, artists, projects and media: tagged songs",TRUE,Love Live! School Idol Project,Kitto Seishun ga Kikoeru,Kitto Seishun ga Kikoeru
"More Copyrights, artists, projects and media: tagged songs",TRUE,Love Live! School Idol Project,Korekara no Someday,Korekara no Someday
"More Copyrights, artists, projects and media: tagged songs",TRUE,Love Live! School Idol Project,Love wing bell,Love wing bell
"More Copyrights, artists, projects and media: tagged songs",TRUE,Love Live! School Idol Project,"Mogyutto ""Love"" de Sekkin Chuu!","Mogyutto ""Love"" de Sekkin Chuu!"
"More Copyrights, artists, projects and media: tagged songs",TRUE,Love Live! School Idol Project,Music S.T.A.R.T!!,Music S.T.A.R.T!!
"More Copyrights, artists, projects and media: tagged songs",TRUE,Love Live! School Idol Project,"Natsuiro Egao de 1,2, Jump!","Natsuiro Egao de 1,2, Jump!"
"More Copyrights, artists, projects and media: tagged songs",TRUE,Love Live! School Idol Project,No brand girls,No brand girls
"More Copyrights, artists, projects and media: tagged songs",TRUE,Love Live! School Idol Project,START:DASH!!,START:DASH!!
"More Copyrights, artists, projects and media: tagged songs",TRUE,Love Live! School Idol Project,Shangri-La Shower,Shangri-La Shower
"More Copyrights, artists, projects and media: tagged songs",TRUE,Love Live! School Idol Project,Snow halation,Snow halation
"More Copyrights, artists, projects and media: tagged songs",TRUE,Love Live! School Idol Project,Sore wa Bokutachi no Kiseki,Sore wa Bokutachi no Kiseki
"More Copyrights, artists, projects and media: tagged songs",TRUE,Love Live! School Idol Project,SUNNY DAY SONG,SUNNY DAY SONG
"More Copyrights, artists, projects and media: tagged songs",TRUE,Love Live! School Idol Project,Takaramonozu,Takaramonozu
"More Copyrights, artists, projects and media: tagged songs",TRUE,Love Live! School Idol Project,Wonder zone,Wonder zone
"More Copyrights, artists, projects and media: tagged songs",TRUE,Love Live! School Idol Project,Wonderful Rush,Wonderful Rush
"More Copyrights, artists, projects and media: tagged songs",TRUE,Love Live! School Idol Project,Yume no Tobira,Yume no Tobira
"More Copyrights, artists, projects and media: tagged songs",TRUE,Love Live! Sunshine!!,Aozora Jumping Heart,Aozora Jumping Heart
"More Copyrights, artists, projects and media: tagged songs",TRUE,Love Live! Sunshine!!,Daisuki Dattara Daijoubu!,Daisuki Dattara Daijoubu!
"More Copyrights, artists, projects and media: tagged songs",TRUE,Love Live! Sunshine!!,HAPPY PARTY TRAIN,HAPPY PARTY TRAIN
"More Copyrights, artists, projects and media: tagged songs",TRUE,Love Live! Sunshine!!,Jingle Bells ga Tomaranai,Jingle Bells ga Tomaranai
"More Copyrights, artists, projects and media: tagged songs",TRUE,Love Live! Sunshine!!,Kimi no Kokoro wa Kagayaiteru kai?,Kimi no Kokoro wa Kagayaiteru kai?
"More Copyrights, artists, projects and media: tagged songs",TRUE,Love Live! Sunshine!!,Koi ni Naritai AQUARIUM,Koi ni Naritai AQUARIUM
"More Copyrights, artists, projects and media: tagged songs",TRUE,Love Live! Sunshine!!,Mijuku DREAMER,Mijuku DREAMER
"More Copyrights, artists, projects and media: tagged songs",TRUE,Love Live! Sunshine!!,MIRAI TICKET,MIRAI TICKET
"More Copyrights, artists, projects and media: tagged songs",TRUE,Love Live! Sunshine!!,My Mai Tonight,My Mai Tonight
"More Copyrights, artists, projects and media: tagged songs",TRUE,Love Live! Sunshine!!,Omoi yo Hitotsu ni Nare,Omoi yo Hitotsu ni Nare
"More Copyrights, artists, projects and media: tagged songs",TRUE,Love Live! Sunshine!!,Yume de Yozora wo Terashitai,Yume de Yozora wo Terashitai
"More Copyrights, artists, projects and media: tagged songs",TRUE,Love Live! Sunshine!!,Yume Kataru yori Yume Utaou,Yume Kataru yori Yume Utaou
"More Copyrights, artists, projects and media: tagged songs",TRUE,Love Live! Nijigasaki High School Idol Club,Dream Land! Dream World!,Dream Land! Dream World!
"More Copyrights, artists, projects and media: tagged songs",TRUE,Love Live! Nijigasaki High School Idol Club,Just Believe!!!,Just Believe!!!
"More Copyrights, artists, projects and media: tagged songs",TRUE,Love Live! Nijigasaki High School Idol Club,Love U my friends,Love U my friends
"More Copyrights, artists, projects and media: tagged songs",TRUE,Love Live! Nijigasaki High School Idol Club,Mirai Harmony,Mirai Harmony
"More Copyrights, artists, projects and media: tagged songs",TRUE,Love Live! Nijigasaki High School Idol Club,Mutekikyuu Believer,Mutekikyuu Believer
"More Copyrights, artists, projects and media: tagged songs",TRUE,Love Live! Nijigasaki High School Idol Club,Sing & Smile!!,Sing & Smile!!
"More Copyrights, artists, projects and media: tagged songs",TRUE,Love Live! Nijigasaki High School Idol Club,SUPER NOVA,SUPER NOVA
"More Copyrights, artists, projects and media: tagged songs",TRUE,Love Live! Nijigasaki High School Idol Club,TOKIMEKI Runners,TOKIMEKI Runners
"More Copyrights, artists, projects and media: tagged songs",TRUE,Minna no Uta,Aka oni to Ao oni no Tango,Aka oni to Ao oni no Tango
"More Copyrights, artists, projects and media: tagged songs",TRUE,Minna no Uta,Computer Obaachan,Computer Obaachan
"More Copyrights, artists, projects and media: tagged songs",TRUE,Minna no Uta,Metropolitan Museum,Metropolitan Museum
"More Copyrights, artists, projects and media: tagged songs",TRUE,Minna no Uta,Tsuki no Waltz,Tsuki no Waltz
"More Copyrights, artists, projects and media: tagged songs",TRUE,Touhou,Bad Apple!!,Bad Apple!!
"More Copyrights, artists, projects and media: tagged songs",TRUE,Touhou,Internet Survivor,Internet Survivor
"More Copyrights, artists, projects and media: tagged songs",TRUE,Touhou,Marisa Stole the Precious Thing,Marisa Stole the Precious Thing
"More Copyrights, artists, projects and media: tagged songs",TRUE,Touhou,Oyome ni Shinasai,Oyome ni Shinasai
"More Copyrights, artists, projects and media: tagged songs",TRUE,Touhou,Tsurupettan,Tsurupettan
"More Copyrights, artists, projects and media: tagged songs",TRUE,VOCALOID,Air Man ga Taosenai,Air Man ga Taosenai
"More Copyrights, artists, projects and media: tagged songs",TRUE,VOCALOID,Airplanes (B.o.B.),Airplanes (B.o.B.)
"More Copyrights, artists, projects and media: tagged songs",TRUE,VOCALOID,Ameno,Ameno
"More Copyrights, artists, projects and media: tagged songs",TRUE,VOCALOID,Astronomia,Astronomia
"More Copyrights, artists, projects and media: tagged songs",TRUE,VOCALOID,Baby Shark,Baby Shark
"More Copyrights, artists, projects and media: tagged songs",TRUE,VOCALOID,Pinkfong,Pinkfong
"More Copyrights, artists, projects and media: tagged songs",TRUE,VOCALOID,Bad,Bad
"More Copyrights, artists, projects and media: tagged songs",TRUE,VOCALOID,Michael Jackson,Michael Jackson
"More Copyrights, artists, projects and media: tagged songs",TRUE,VOCALOID,Baka Mitai,Baka Mitai
"More Copyrights, artists, projects and media: tagged songs",TRUE,VOCALOID,Ryuu Ga Gotoku,Ryuu Ga Gotoku
"More Copyrights, artists, projects and media: tagged songs",TRUE,VOCALOID,Bang!,Bang!
"More Copyrights, artists, projects and media: tagged songs",TRUE,VOCALOID,Daoko,Daoko
"More Copyrights, artists, projects and media: tagged songs",TRUE,VOCALOID,BE MY BABY,BE MY BABY
"More Copyrights, artists, projects and media: tagged songs",TRUE,VOCALOID,Big Enough,Big Enough
"More Copyrights, artists, projects and media: tagged songs",TRUE,VOCALOID,Billie Jean,Billie Jean
"More Copyrights, artists, projects and media: tagged songs",TRUE,VOCALOID,Michael Jackson,Michael Jackson
"More Copyrights, artists, projects and media: tagged songs",TRUE,VOCALOID,Bohemian Rhapsody,Bohemian Rhapsody
"More Copyrights, artists, projects and media: tagged songs",TRUE,VOCALOID,Queen,Queen
"More Copyrights, artists, projects and media: tagged songs",TRUE,VOCALOID,Caipirinha,Caipirinha
"More Copyrights, artists, projects and media: tagged songs",TRUE,VOCALOID,Call On Me,Call On Me
"More Copyrights, artists, projects and media: tagged songs",TRUE,VOCALOID,Candy Candy,Candy Candy
"More Copyrights, artists, projects and media: tagged songs",TRUE,VOCALOID,Kyary Pamyu Pamyu,Kyary Pamyu Pamyu
"More Copyrights, artists, projects and media: tagged songs",TRUE,VOCALOID,Caramelldansen,Caramelldansen
"More Copyrights, artists, projects and media: tagged songs",TRUE,VOCALOID,Choo Choo Train,Choo Choo Train
"More Copyrights, artists, projects and media: tagged songs",TRUE,VOCALOID,Country Roads,Country Roads
"More Copyrights, artists, projects and media: tagged songs",TRUE,VOCALOID,Crazy Frog,Crazy Frog
"More Copyrights, artists, projects and media: tagged songs",TRUE,VOCALOID,Daisy Bell,Daisy Bell
"More Copyrights, artists, projects and media: tagged songs",TRUE,VOCALOID,Danjo,Danjo
"More Copyrights, artists, projects and media: tagged songs",TRUE,VOCALOID,Despacito,Despacito
"More Copyrights, artists, projects and media: tagged songs",TRUE,VOCALOID,Destination Calabria,Destination Calabria
"More Copyrights, artists, projects and media: tagged songs",TRUE,VOCALOID,Dick in a Box,Dick in a Box
"More Copyrights, artists, projects and media: tagged songs",TRUE,VOCALOID,Discommunication Alien,Discommunication Alien
"More Copyrights, artists, projects and media: tagged songs",TRUE,VOCALOID,NayutalieN,NayutalieN
"More Copyrights, artists, projects and media: tagged songs",TRUE,VOCALOID,Dragostea Din Tei,Dragostea Din Tei
"More Copyrights, artists, projects and media: tagged songs",TRUE,VOCALOID,EZ Do Dance,EZ Do Dance
"More Copyrights, artists, projects and media: tagged songs",TRUE,VOCALOID,Fly Me to the Moon,Fly Me to the Moon
"More Copyrights, artists, projects and media: tagged songs",TRUE,VOCALOID,Gangnam Style,Gangnam Style
"More Copyrights, artists, projects and media: tagged songs",TRUE,VOCALOID,PSY,PSY
"More Copyrights, artists, projects and media: tagged songs",TRUE,VOCALOID,Gentleman,Gentleman
"More Copyrights, artists, projects and media: tagged songs",TRUE,VOCALOID,PSY,PSY
"More Copyrights, artists, projects and media: tagged songs",TRUE,VOCALOID,Gira Gira,Gira Gira
"More Copyrights, artists, projects and media: tagged songs",TRUE,VOCALOID,Ado,Ado
"More Copyrights, artists, projects and media: tagged songs",TRUE,VOCALOID,Halzion,Halzion
"More Copyrights, artists, projects and media: tagged songs",TRUE,VOCALOID,YOASOBI,YOASOBI
"More Copyrights, artists, projects and media: tagged songs",TRUE,VOCALOID,Happiness in Slavery,Happiness in Slavery
"More Copyrights, artists, projects and media: tagged songs",TRUE,VOCALOID,Nine Inch Nails,Nine Inch Nails
"More Copyrights, artists, projects and media: tagged songs",TRUE,VOCALOID,Happy Birthday to You,Happy Birthday to You
"More Copyrights, artists, projects and media: tagged songs",TRUE,VOCALOID,Heavy Rotation,Heavy Rotation
"More Copyrights, artists, projects and media: tagged songs",TRUE,VOCALOID,AKB48,AKB48
"More Copyrights, artists, projects and media: tagged songs",TRUE,VOCALOID,Hej Monika,Hej Monika
"More Copyrights, artists, projects and media: tagged songs",TRUE,VOCALOID,Hey Jude,Hey Jude
"More Copyrights, artists, projects and media: tagged songs",TRUE,VOCALOID,The Beatles,The Beatles
"More Copyrights, artists, projects and media: tagged songs",TRUE,VOCALOID,Hot Limit,Hot Limit
"More Copyrights, artists, projects and media: tagged songs",TRUE,VOCALOID,T.M.Revolution,T.M.Revolution
"More Copyrights, artists, projects and media: tagged songs",TRUE,VOCALOID,Hot Milk (Snail's House),Hot Milk (Snail's House)
"More Copyrights, artists, projects and media: tagged songs",TRUE,VOCALOID,Leekspin,Leekspin
"More Copyrights, artists, projects and media: tagged songs",TRUE,VOCALOID,I Wanna Love You Tender,I Wanna Love You Tender
"More Copyrights, artists, projects and media: tagged songs",TRUE,VOCALOID,I Will Always Love You,I Will Always Love You
"More Copyrights, artists, projects and media: tagged songs",TRUE,VOCALOID,Iwashi ga Tsuchi Kara Haetekuru n da,Iwashi ga Tsuchi Kara Haetekuru n da
"More Copyrights, artists, projects and media: tagged songs",TRUE,VOCALOID,UTAU,UTAU
"More Copyrights, artists, projects and media: tagged songs",TRUE,VOCALOID,Serbia Strong,Serbia Strong
"More Copyrights, artists, projects and media: tagged songs",TRUE,VOCALOID,Koniggratzer Marsch,Koniggratzer Marsch
"More Copyrights, artists, projects and media: tagged songs",TRUE,VOCALOID,The Lazy Song,The Lazy Song
"More Copyrights, artists, projects and media: tagged songs",TRUE,VOCALOID,Bruno Mars,Bruno Mars
"More Copyrights, artists, projects and media: tagged songs",TRUE,VOCALOID,Let It Be,Let It Be
"More Copyrights, artists, projects and media: tagged songs",TRUE,VOCALOID,The Beatles,The Beatles
"More Copyrights, artists, projects and media: tagged songs",TRUE,VOCALOID,Douman Seiman,Douman Seiman
"More Copyrights, artists, projects and media: tagged songs",TRUE,VOCALOID,Lucy in the Sky with Diamonds,Lucy in the Sky with Diamonds
"More Copyrights, artists, projects and media: tagged songs",TRUE,VOCALOID,The Beatles,The Beatles
"More Copyrights, artists, projects and media: tagged songs",TRUE,VOCALOID,Macho Dragon,Macho Dragon
"More Copyrights, artists, projects and media: tagged songs",TRUE,VOCALOID,Fujinami Tatsumi,Fujinami Tatsumi
"More Copyrights, artists, projects and media: tagged songs",TRUE,VOCALOID,Misery x CPR x Reese's Puffs,Misery x CPR x Reese's Puffs
"More Copyrights, artists, projects and media: tagged songs",TRUE,VOCALOID,My Heart Will Go On,My Heart Will Go On
"More Copyrights, artists, projects and media: tagged songs",TRUE,VOCALOID,Never Gonna Give You Up,Never Gonna Give You Up
"More Copyrights, artists, projects and media: tagged songs",TRUE,VOCALOID,Rick Astley,Rick Astley
"More Copyrights, artists, projects and media: tagged songs",TRUE,VOCALOID,Ninja Rap,Ninja Rap
"More Copyrights, artists, projects and media: tagged songs",TRUE,VOCALOID,Fukkireta,Fukkireta
"More Copyrights, artists, projects and media: tagged songs",TRUE,VOCALOID,Odo,Odo
"More Copyrights, artists, projects and media: tagged songs",TRUE,VOCALOID,Ado,Ado
"More Copyrights, artists, projects and media: tagged songs",TRUE,VOCALOID,Old MacDonald Had a Farm,Old MacDonald Had a Farm
"More Copyrights, artists, projects and media: tagged songs",TRUE,VOCALOID,Omoide wa Okkusenman!,Omoide wa Okkusenman!
"More Copyrights, artists, projects and media: tagged songs",TRUE,VOCALOID,Osakana Tengoku,Osakana Tengoku
"More Copyrights, artists, projects and media: tagged songs",TRUE,VOCALOID,Perfect Human,Perfect Human
"More Copyrights, artists, projects and media: tagged songs",TRUE,VOCALOID,Pen-Pineapple-Apple-Pen,Pen-Pineapple-Apple-Pen
"More Copyrights, artists, projects and media: tagged songs",TRUE,VOCALOID,SWEETEST MUSIC,SWEETEST MUSIC
"More Copyrights, artists, projects and media: tagged songs",TRUE,VOCALOID,Get Down,Get Down
"More Copyrights, artists, projects and media: tagged songs",TRUE,VOCALOID,Readymade,Readymade
"More Copyrights, artists, projects and media: tagged songs",TRUE,VOCALOID,Ado,Ado
"More Copyrights, artists, projects and media: tagged songs",TRUE,VOCALOID,Remember the Time,Remember the Time
"More Copyrights, artists, projects and media: tagged songs",TRUE,VOCALOID,Michael Jackson,Michael Jackson
"More Copyrights, artists, projects and media: tagged songs",TRUE,VOCALOID,Ride on Time,Ride on Time
"More Copyrights, artists, projects and media: tagged songs",TRUE,VOCALOID,Roundabout,Roundabout
"More Copyrights, artists, projects and media: tagged songs",TRUE,VOCALOID,Yes,Yes
"More Copyrights, artists, projects and media: tagged songs",TRUE,VOCALOID,Sad Romance,Sad Romance
"More Copyrights, artists, projects and media: tagged songs",TRUE,VOCALOID,Shin Takarajima,Shin Takarajima
"More Copyrights, artists, projects and media: tagged songs",TRUE,VOCALOID,Sakanaction,Sakanaction
"More Copyrights, artists, projects and media: tagged songs",TRUE,VOCALOID,Smooooch,Smooooch
"More Copyrights, artists, projects and media: tagged songs",TRUE,VOCALOID,Smooth Criminal,Smooth Criminal
"More Copyrights, artists, projects and media: tagged songs",TRUE,VOCALOID,Michael Jackson,Michael Jackson
"More Copyrights, artists, projects and media: tagged songs",TRUE,VOCALOID,SUSHI Tabetai,SUSHI Tabetai
"More Copyrights, artists, projects and media: tagged songs",TRUE,VOCALOID,ORANGE RANGE,ORANGE RANGE
"More Copyrights, artists, projects and media: tagged songs",TRUE,VOCALOID,Telephone,Telephone
"More Copyrights, artists, projects and media: tagged songs",TRUE,VOCALOID,Lady Gaga,Lady Gaga
"More Copyrights, artists, projects and media: tagged songs",TRUE,VOCALOID,The Number of the Beast,The Number of the Beast
"More Copyrights, artists, projects and media: tagged songs",TRUE,VOCALOID,Iron Maiden,Iron Maiden
"More Copyrights, artists, projects and media: tagged songs",TRUE,VOCALOID,This Is America,This Is America
"More Copyrights, artists, projects and media: tagged songs",TRUE,VOCALOID,Childish Gambino,Childish Gambino
"More Copyrights, artists, projects and media: tagged songs",TRUE,VOCALOID,Thriller,Thriller
"More Copyrights, artists, projects and media: tagged songs",TRUE,VOCALOID,Michael Jackson,Michael Jackson
"More Copyrights, artists, projects and media: tagged songs",TRUE,VOCALOID,Through the Fire and Flames,Through the Fire and Flames
"More Copyrights, artists, projects and media: tagged songs",TRUE,VOCALOID,DragonForce,DragonForce
"More Copyrights, artists, projects and media: tagged songs",TRUE,VOCALOID,Traditionell Musette,Traditionell Musette
"More Copyrights, artists, projects and media: tagged songs",TRUE,VOCALOID,Turing Love,Turing Love
"More Copyrights, artists, projects and media: tagged songs",TRUE,VOCALOID,NayutalieN,NayutalieN
"More Copyrights, artists, projects and media: tagged songs",TRUE,VOCALOID,"Twinkle, Twinkle, Little Star","Twinkle, Twinkle, Little Star"
"More Copyrights, artists, projects and media: tagged songs",TRUE,VOCALOID,Paffendorf,Paffendorf
"More Copyrights, artists, projects and media: tagged songs",TRUE,VOCALOID,U.S.A.,U.S.A.
"More Copyrights, artists, projects and media: tagged songs",TRUE,VOCALOID,DA PUMP,DA PUMP
"More Copyrights, artists, projects and media: tagged songs",TRUE,VOCALOID,Usseewa,Usseewa
"More Copyrights, artists, projects and media: tagged songs",TRUE,VOCALOID,Ado,Ado
"More Copyrights, artists, projects and media: tagged songs",TRUE,VOCALOID,We Will Rock You,We Will Rock You
"More Copyrights, artists, projects and media: tagged songs",TRUE,VOCALOID,Queen,Queen
"More Copyrights, artists, projects and media: tagged songs",TRUE,VOCALOID,Welcome to the Jungle,Welcome to the Jungle
"More Copyrights, artists, projects and media: tagged songs",TRUE,VOCALOID,Guns n' Roses,Guns n' Roses
"More Copyrights, artists, projects and media: tagged songs",TRUE,VOCALOID,What is Love,What is Love
"More Copyrights, artists, projects and media: tagged songs",TRUE,VOCALOID,HEYYEYAAEYAAAEYAEYAA,HEYYEYAAEYAAAEYAEYAA
"More Copyrights, artists, projects and media: tagged songs",TRUE,VOCALOID,Wish You Were Here,Wish You Were Here
"More Copyrights, artists, projects and media: tagged songs",TRUE,VOCALOID,Pink Floyd,Pink Floyd
"More Copyrights, artists, projects and media: tagged songs",TRUE,VOCALOID,Yatta!,Yatta!
"More Copyrights, artists, projects and media: tagged songs",TRUE,VOCALOID,Yoru ni Kakeru,Yoru ni Kakeru
"More Copyrights, artists, projects and media: tagged songs",TRUE,VOCALOID,YOASOBI,YOASOBI
"More Copyrights, artists, projects and media: tagged songs",TRUE,VOCALOID,Yoru no Pierrot,Yoru no Pierrot
"More Copyrights, artists, projects and media: tagged songs",TRUE,VOCALOID,Ado,Ado
"More Copyrights, artists, projects and media: tagged songs",TRUE,VOCALOID,Yoshiwara Lament,Yoshiwara Lament
"More Copyrights, artists, projects and media: tagged songs",TRUE,VOCALOID,UTAU,UTAU
"More Copyrights, artists, projects and media: tagged songs",TRUE,VOCALOID,Yuki no Shingun,Yuki no Shingun
"More Copyrights, artists, projects and media: tagged songs",TRUE,VOCALOID,2D or not 2D,2D or not 2D
"More Copyrights, artists, projects and media: tagged songs",TRUE,VOCALOID,P-MODEL,P-MODEL
"More Copyrights, artists, projects and media: tagged songs",TRUE,"Anime songs, song parodies",Air Man ga Taosenai,Air Man ga Taosenai
"More Copyrights, artists, projects and media: tagged songs",TRUE,"Anime songs, song parodies",Airplanes (B.o.B.),Airplanes (B.o.B.)
"More Copyrights, artists, projects and media: tagged songs",TRUE,"Anime songs, song parodies",Ameno,Ameno
"More Copyrights, artists, projects and media: tagged songs",TRUE,"Anime songs, song parodies",Astronomia,Astronomia
"More Copyrights, artists, projects and media: tagged songs",TRUE,"Anime songs, song parodies",Baby Shark,Baby Shark
"More Copyrights, artists, projects and media: tagged songs",TRUE,"Anime songs, song parodies",Pinkfong,Pinkfong
"More Copyrights, artists, projects and media: tagged songs",TRUE,"Anime songs, song parodies",Bad,Bad
"More Copyrights, artists, projects and media: tagged songs",TRUE,"Anime songs, song parodies",Michael Jackson,Michael Jackson
"More Copyrights, artists, projects and media: tagged songs",TRUE,"Anime songs, song parodies",Baka Mitai,Baka Mitai
"More Copyrights, artists, projects and media: tagged songs",TRUE,"Anime songs, song parodies",Ryuu Ga Gotoku,Ryuu Ga Gotoku
"More Copyrights, artists, projects and media: tagged songs",TRUE,"Anime songs, song parodies",Bang!,Bang!
"More Copyrights, artists, projects and media: tagged songs",TRUE,"Anime songs, song parodies",Daoko,Daoko
"More Copyrights, artists, projects and media: tagged songs",TRUE,"Anime songs, song parodies",BE MY BABY,BE MY BABY
"More Copyrights, artists, projects and media: tagged songs",TRUE,"Anime songs, song parodies",Big Enough,Big Enough
"More Copyrights, artists, projects and media: tagged songs",TRUE,"Anime songs, song parodies",Billie Jean,Billie Jean
"More Copyrights, artists, projects and media: tagged songs",TRUE,"Anime songs, song parodies",Michael Jackson,Michael Jackson
"More Copyrights, artists, projects and media: tagged songs",TRUE,"Anime songs, song parodies",Bohemian Rhapsody,Bohemian Rhapsody
"More Copyrights, artists, projects and media: tagged songs",TRUE,"Anime songs, song parodies",Queen,Queen
"More Copyrights, artists, projects and media: tagged songs",TRUE,"Anime songs, song parodies",Caipirinha,Caipirinha
"More Copyrights, artists, projects and media: tagged songs",TRUE,"Anime songs, song parodies",Call On Me,Call On Me
"More Copyrights, artists, projects and media: tagged songs",TRUE,"Anime songs, song parodies",Candy Candy,Candy Candy
"More Copyrights, artists, projects and media: tagged songs",TRUE,"Anime songs, song parodies",Kyary Pamyu Pamyu,Kyary Pamyu Pamyu
"More Copyrights, artists, projects and media: tagged songs",TRUE,"Anime songs, song parodies",Caramelldansen,Caramelldansen
"More Copyrights, artists, projects and media: tagged songs",TRUE,"Anime songs, song parodies",Choo Choo Train,Choo Choo Train
"More Copyrights, artists, projects and media: tagged songs",TRUE,"Anime songs, song parodies",Country Roads,Country Roads
"More Copyrights, artists, projects and media: tagged songs",TRUE,"Anime songs, song parodies",Crazy Frog,Crazy Frog
"More Copyrights, artists, projects and media: tagged songs",TRUE,"Anime songs, song parodies",Daisy Bell,Daisy Bell
"More Copyrights, artists, projects and media: tagged songs",TRUE,"Anime songs, song parodies",Danjo,Danjo
"More Copyrights, artists, projects and media: tagged songs",TRUE,"Anime songs, song parodies",Despacito,Despacito
"More Copyrights, artists, projects and media: tagged songs",TRUE,"Anime songs, song parodies",Destination Calabria,Destination Calabria
"More Copyrights, artists, projects and media: tagged songs",TRUE,"Anime songs, song parodies",Dick in a Box,Dick in a Box
"More Copyrights, artists, projects and media: tagged songs",TRUE,"Anime songs, song parodies",Discommunication Alien,Discommunication Alien
"More Copyrights, artists, projects and media: tagged songs",TRUE,"Anime songs, song parodies",NayutalieN,NayutalieN
"More Copyrights, artists, projects and media: tagged songs",TRUE,"Anime songs, song parodies",Dragostea Din Tei,Dragostea Din Tei
"More Copyrights, artists, projects and media: tagged songs",TRUE,"Anime songs, song parodies",EZ Do Dance,EZ Do Dance
"More Copyrights, artists, projects and media: tagged songs",TRUE,"Anime songs, song parodies",Fly Me to the Moon,Fly Me to the Moon
"More Copyrights, artists, projects and media: tagged songs",TRUE,"Anime songs, song parodies",Gangnam Style,Gangnam Style
"More Copyrights, artists, projects and media: tagged songs",TRUE,"Anime songs, song parodies",PSY,PSY
"More Copyrights, artists, projects and media: tagged songs",TRUE,"Anime songs, song parodies",Gentleman,Gentleman
"More Copyrights, artists, projects and media: tagged songs",TRUE,"Anime songs, song parodies",PSY,PSY
"More Copyrights, artists, projects and media: tagged songs",TRUE,"Anime songs, song parodies",Gira Gira,Gira Gira
"More Copyrights, artists, projects and media: tagged songs",TRUE,"Anime songs, song parodies",Ado,Ado
"More Copyrights, artists, projects and media: tagged songs",TRUE,"Anime songs, song parodies",Halzion,Halzion
"More Copyrights, artists, projects and media: tagged songs",TRUE,"Anime songs, song parodies",YOASOBI,YOASOBI
"More Copyrights, artists, projects and media: tagged songs",TRUE,"Anime songs, song parodies",Happiness in Slavery,Happiness in Slavery
"More Copyrights, artists, projects and media: tagged songs",TRUE,"Anime songs, song parodies",Nine Inch Nails,Nine Inch Nails
"More Copyrights, artists, projects and media: tagged songs",TRUE,"Anime songs, song parodies",Happy Birthday to You,Happy Birthday to You
"More Copyrights, artists, projects and media: tagged songs",TRUE,"Anime songs, song parodies",Heavy Rotation,Heavy Rotation
"More Copyrights, artists, projects and media: tagged songs",TRUE,"Anime songs, song parodies",AKB48,AKB48
"More Copyrights, artists, projects and media: tagged songs",TRUE,"Anime songs, song parodies",Hej Monika,Hej Monika
"More Copyrights, artists, projects and media: tagged songs",TRUE,"Anime songs, song parodies",Hey Jude,Hey Jude
"More Copyrights, artists, projects and media: tagged songs",TRUE,"Anime songs, song parodies",The Beatles,The Beatles
"More Copyrights, artists, projects and media: tagged songs",TRUE,"Anime songs, song parodies",Hot Limit,Hot Limit
"More Copyrights, artists, projects and media: tagged songs",TRUE,"Anime songs, song parodies",T.M.Revolution,T.M.Revolution
"More Copyrights, artists, projects and media: tagged songs",TRUE,"Anime songs, song parodies",Hot Milk (Snail's House),Hot Milk (Snail's House)
"More Copyrights, artists, projects and media: tagged songs",TRUE,"Anime songs, song parodies",Leekspin,Leekspin
"More Copyrights, artists, projects and media: tagged songs",TRUE,"Anime songs, song parodies",I Wanna Love You Tender,I Wanna Love You Tender
"More Copyrights, artists, projects and media: tagged songs",TRUE,"Anime songs, song parodies",I Will Always Love You,I Will Always Love You
"More Copyrights, artists, projects and media: tagged songs",TRUE,"Anime songs, song parodies",Iwashi ga Tsuchi Kara Haetekuru n da,Iwashi ga Tsuchi Kara Haetekuru n da
"More Copyrights, artists, projects and media: tagged songs",TRUE,"Anime songs, song parodies",UTAU,UTAU
"More Copyrights, artists, projects and media: tagged songs",TRUE,"Anime songs, song parodies",Serbia Strong,Serbia Strong
"More Copyrights, artists, projects and media: tagged songs",TRUE,"Anime songs, song parodies",Koniggratzer Marsch,Koniggratzer Marsch
"More Copyrights, artists, projects and media: tagged songs",TRUE,"Anime songs, song parodies",The Lazy Song,The Lazy Song
"More Copyrights, artists, projects and media: tagged songs",TRUE,"Anime songs, song parodies",Bruno Mars,Bruno Mars
"More Copyrights, artists, projects and media: tagged songs",TRUE,"Anime songs, song parodies",Let It Be,Let It Be
"More Copyrights, artists, projects and media: tagged songs",TRUE,"Anime songs, song parodies",The Beatles,The Beatles
"More Copyrights, artists, projects and media: tagged songs",TRUE,"Anime songs, song parodies",Douman Seiman,Douman Seiman
"More Copyrights, artists, projects and media: tagged songs",TRUE,"Anime songs, song parodies",Lucy in the Sky with Diamonds,Lucy in the Sky with Diamonds
"More Copyrights, artists, projects and media: tagged songs",TRUE,"Anime songs, song parodies",The Beatles,The Beatles
"More Copyrights, artists, projects and media: tagged songs",TRUE,"Anime songs, song parodies",Macho Dragon,Macho Dragon
"More Copyrights, artists, projects and media: tagged songs",TRUE,"Anime songs, song parodies",Fujinami Tatsumi,Fujinami Tatsumi
"More Copyrights, artists, projects and media: tagged songs",TRUE,"Anime songs, song parodies",Misery x CPR x Reese's Puffs,Misery x CPR x Reese's Puffs
"More Copyrights, artists, projects and media: tagged songs",TRUE,"Anime songs, song parodies",My Heart Will Go On,My Heart Will Go On
"More Copyrights, artists, projects and media: tagged songs",TRUE,"Anime songs, song parodies",Never Gonna Give You Up,Never Gonna Give You Up
"More Copyrights, artists, projects and media: tagged songs",TRUE,"Anime songs, song parodies",Rick Astley,Rick Astley
"More Copyrights, artists, projects and media: tagged songs",TRUE,"Anime songs, song parodies",Ninja Rap,Ninja Rap
"More Copyrights, artists, projects and media: tagged songs",TRUE,"Anime songs, song parodies",Fukkireta,Fukkireta
"More Copyrights, artists, projects and media: tagged songs",TRUE,"Anime songs, song parodies",Odo,Odo
"More Copyrights, artists, projects and media: tagged songs",TRUE,"Anime songs, song parodies",Ado,Ado
"More Copyrights, artists, projects and media: tagged songs",TRUE,"Anime songs, song parodies",Old MacDonald Had a Farm,Old MacDonald Had a Farm
"More Copyrights, artists, projects and media: tagged songs",TRUE,"Anime songs, song parodies",Omoide wa Okkusenman!,Omoide wa Okkusenman!
"More Copyrights, artists, projects and media: tagged songs",TRUE,"Anime songs, song parodies",Osakana Tengoku,Osakana Tengoku
"More Copyrights, artists, projects and media: tagged songs",TRUE,"Anime songs, song parodies",Perfect Human,Perfect Human
"More Copyrights, artists, projects and media: tagged songs",TRUE,"Anime songs, song parodies",Pen-Pineapple-Apple-Pen,Pen-Pineapple-Apple-Pen
"More Copyrights, artists, projects and media: tagged songs",TRUE,"Anime songs, song parodies",SWEETEST MUSIC,SWEETEST MUSIC
"More Copyrights, artists, projects and media: tagged songs",TRUE,"Anime songs, song parodies",Get Down,Get Down
"More Copyrights, artists, projects and media: tagged songs",TRUE,"Anime songs, song parodies",Readymade,Readymade
"More Copyrights, artists, projects and media: tagged songs",TRUE,"Anime songs, song parodies",Ado,Ado
"More Copyrights, artists, projects and media: tagged songs",TRUE,"Anime songs, song parodies",Remember the Time,Remember the Time
"More Copyrights, artists, projects and media: tagged songs",TRUE,"Anime songs, song parodies",Michael Jackson,Michael Jackson
"More Copyrights, artists, projects and media: tagged songs",TRUE,"Anime songs, song parodies",Ride on Time,Ride on Time
"More Copyrights, artists, projects and media: tagged songs",TRUE,"Anime songs, song parodies",Roundabout,Roundabout
"More Copyrights, artists, projects and media: tagged songs",TRUE,"Anime songs, song parodies",Yes,Yes
"More Copyrights, artists, projects and media: tagged songs",TRUE,"Anime songs, song parodies",Sad Romance,Sad Romance
"More Copyrights, artists, projects and media: tagged songs",TRUE,"Anime songs, song parodies",Shin Takarajima,Shin Takarajima
"More Copyrights, artists, projects and media: tagged songs",TRUE,"Anime songs, song parodies",Sakanaction,Sakanaction
"More Copyrights, artists, projects and media: tagged songs",TRUE,"Anime songs, song parodies",Smooooch,Smooooch
"More Copyrights, artists, projects and media: tagged songs",TRUE,"Anime songs, song parodies",Smooth Criminal,Smooth Criminal
"More Copyrights, artists, projects and media: tagged songs",TRUE,"Anime songs, song parodies",Michael Jackson,Michael Jackson
"More Copyrights, artists, projects and media: tagged songs",TRUE,"Anime songs, song parodies",SUSHI Tabetai,SUSHI Tabetai
"More Copyrights, artists, projects and media: tagged songs",TRUE,"Anime songs, song parodies",ORANGE RANGE,ORANGE RANGE
"More Copyrights, artists, projects and media: tagged songs",TRUE,"Anime songs, song parodies",Telephone,Telephone
"More Copyrights, artists, projects and media: tagged songs",TRUE,"Anime songs, song parodies",Lady Gaga,Lady Gaga
"More Copyrights, artists, projects and media: tagged songs",TRUE,"Anime songs, song parodies",The Number of the Beast,The Number of the Beast
"More Copyrights, artists, projects and media: tagged songs",TRUE,"Anime songs, song parodies",Iron Maiden,Iron Maiden
"More Copyrights, artists, projects and media: tagged songs",TRUE,"Anime songs, song parodies",This Is America,This Is America
"More Copyrights, artists, projects and media: tagged songs",TRUE,"Anime songs, song parodies",Childish Gambino,Childish Gambino
"More Copyrights, artists, projects and media: tagged songs",TRUE,"Anime songs, song parodies",Thriller,Thriller
"More Copyrights, artists, projects and media: tagged songs",TRUE,"Anime songs, song parodies",Michael Jackson,Michael Jackson
"More Copyrights, artists, projects and media: tagged songs",TRUE,"Anime songs, song parodies",Through the Fire and Flames,Through the Fire and Flames
"More Copyrights, artists, projects and media: tagged songs",TRUE,"Anime songs, song parodies",DragonForce,DragonForce
"More Copyrights, artists, projects and media: tagged songs",TRUE,"Anime songs, song parodies",Traditionell Musette,Traditionell Musette
"More Copyrights, artists, projects and media: tagged songs",TRUE,"Anime songs, song parodies",Turing Love,Turing Love
"More Copyrights, artists, projects and media: tagged songs",TRUE,"Anime songs, song parodies",NayutalieN,NayutalieN
"More Copyrights, artists, projects and media: tagged songs",TRUE,"Anime songs, song parodies","Twinkle, Twinkle, Little Star","Twinkle, Twinkle, Little Star"
"More Copyrights, artists, projects and media: tagged songs",TRUE,"Anime songs, song parodies",Paffendorf,Paffendorf
"More Copyrights, artists, projects and media: tagged songs",TRUE,"Anime songs, song parodies",U.S.A.,U.S.A.
"More Copyrights, artists, projects and media: tagged songs",TRUE,"Anime songs, song parodies",DA PUMP,DA PUMP
"More Copyrights, artists, projects and media: tagged songs",TRUE,"Anime songs, song parodies",Usseewa,Usseewa
"More Copyrights, artists, projects and media: tagged songs",TRUE,"Anime songs, song parodies",Ado,Ado
"More Copyrights, artists, projects and media: tagged songs",TRUE,"Anime songs, song parodies",We Will Rock You,We Will Rock You
"More Copyrights, artists, projects and media: tagged songs",TRUE,"Anime songs, song parodies",Queen,Queen
"More Copyrights, artists, projects and media: tagged songs",TRUE,"Anime songs, song parodies",Welcome to the Jungle,Welcome to the Jungle
"More Copyrights, artists, projects and media: tagged songs",TRUE,"Anime songs, song parodies",Guns n' Roses,Guns n' Roses
"More Copyrights, artists, projects and media: tagged songs",TRUE,"Anime songs, song parodies",What is Love,What is Love
"More Copyrights, artists, projects and media: tagged songs",TRUE,"Anime songs, song parodies",HEYYEYAAEYAAAEYAEYAA,HEYYEYAAEYAAAEYAEYAA
"More Copyrights, artists, projects and media: tagged songs",TRUE,"Anime songs, song parodies",Wish You Were Here,Wish You Were Here
"More Copyrights, artists, projects and media: tagged songs",TRUE,"Anime songs, song parodies",Pink Floyd,Pink Floyd
"More Copyrights, artists, projects and media: tagged songs",TRUE,"Anime songs, song parodies",Yatta!,Yatta!
"More Copyrights, artists, projects and media: tagged songs",TRUE,"Anime songs, song parodies",Yoru ni Kakeru,Yoru ni Kakeru
"More Copyrights, artists, projects and media: tagged songs",TRUE,"Anime songs, song parodies",YOASOBI,YOASOBI
"More Copyrights, artists, projects and media: tagged songs",TRUE,"Anime songs, song parodies",Yoru no Pierrot,Yoru no Pierrot
"More Copyrights, artists, projects and media: tagged songs",TRUE,"Anime songs, song parodies",Ado,Ado
"More Copyrights, artists, projects and media: tagged songs",TRUE,"Anime songs, song parodies",Yoshiwara Lament,Yoshiwara Lament
"More Copyrights, artists, projects and media: tagged songs",TRUE,"Anime songs, song parodies",UTAU,UTAU
"More Copyrights, artists, projects and media: tagged songs",TRUE,"Anime songs, song parodies",Yuki no Shingun,Yuki no Shingun
"More Copyrights, artists, projects and media: tagged songs",TRUE,"Anime songs, song parodies",2D or not 2D,2D or not 2D
"More Copyrights, artists, projects and media: tagged songs",TRUE,"Anime songs, song parodies",P-MODEL,P-MODEL
"More Copyrights, artists, projects and media: tagged songs",TRUE,Misc. Songs,Air Man ga Taosenai,Air Man ga Taosenai
"More Copyrights, artists, projects and media: tagged songs",TRUE,Misc. Songs,Airplanes (B.o.B.),Airplanes (B.o.B.)
"More Copyrights, artists, projects and media: tagged songs",TRUE,Misc. Songs,Ameno,Ameno
"More Copyrights, artists, projects and media: tagged songs",TRUE,Misc. Songs,Astronomia,Astronomia
"More Copyrights, artists, projects and media: tagged songs",TRUE,Misc. Songs,Baby Shark,Baby Shark
"More Copyrights, artists, projects and media: tagged songs",TRUE,Misc. Songs,Pinkfong,Pinkfong
"More Copyrights, artists, projects and media: tagged songs",TRUE,Misc. Songs,Bad,Bad
"More Copyrights, artists, projects and media: tagged songs",TRUE,Misc. Songs,Michael Jackson,Michael Jackson
"More Copyrights, artists, projects and media: tagged songs",TRUE,Misc. Songs,Baka Mitai,Baka Mitai
"More Copyrights, artists, projects and media: tagged songs",TRUE,Misc. Songs,Ryuu Ga Gotoku,Ryuu Ga Gotoku
"More Copyrights, artists, projects and media: tagged songs",TRUE,Misc. Songs,Bang!,Bang!
"More Copyrights, artists, projects and media: tagged songs",TRUE,Misc. Songs,Daoko,Daoko
"More Copyrights, artists, projects and media: tagged songs",TRUE,Misc. Songs,BE MY BABY,BE MY BABY
"More Copyrights, artists, projects and media: tagged songs",TRUE,Misc. Songs,Big Enough,Big Enough
"More Copyrights, artists, projects and media: tagged songs",TRUE,Misc. Songs,Billie Jean,Billie Jean
"More Copyrights, artists, projects and media: tagged songs",TRUE,Misc. Songs,Michael Jackson,Michael Jackson
"More Copyrights, artists, projects and media: tagged songs",TRUE,Misc. Songs,Bohemian Rhapsody,Bohemian Rhapsody
"More Copyrights, artists, projects and media: tagged songs",TRUE,Misc. Songs,Queen,Queen
"More Copyrights, artists, projects and media: tagged songs",TRUE,Misc. Songs,Caipirinha,Caipirinha
"More Copyrights, artists, projects and media: tagged songs",TRUE,Misc. Songs,Call On Me,Call On Me
"More Copyrights, artists, projects and media: tagged songs",TRUE,Misc. Songs,Candy Candy,Candy Candy
"More Copyrights, artists, projects and media: tagged songs",TRUE,Misc. Songs,Kyary Pamyu Pamyu,Kyary Pamyu Pamyu
"More Copyrights, artists, projects and media: tagged songs",TRUE,Misc. Songs,Caramelldansen,Caramelldansen
"More Copyrights, artists, projects and media: tagged songs",TRUE,Misc. Songs,Choo Choo Train,Choo Choo Train
"More Copyrights, artists, projects and media: tagged songs",TRUE,Misc. Songs,Country Roads,Country Roads
"More Copyrights, artists, projects and media: tagged songs",TRUE,Misc. Songs,Crazy Frog,Crazy Frog
"More Copyrights, artists, projects and media: tagged songs",TRUE,Misc. Songs,Daisy Bell,Daisy Bell
"More Copyrights, artists, projects and media: tagged songs",TRUE,Misc. Songs,Danjo,Danjo
"More Copyrights, artists, projects and media: tagged songs",TRUE,Misc. Songs,Despacito,Despacito
"More Copyrights, artists, projects and media: tagged songs",TRUE,Misc. Songs,Destination Calabria,Destination Calabria
"More Copyrights, artists, projects and media: tagged songs",TRUE,Misc. Songs,Dick in a Box,Dick in a Box
"More Copyrights, artists, projects and media: tagged songs",TRUE,Misc. Songs,Discommunication Alien,Discommunication Alien
"More Copyrights, artists, projects and media: tagged songs",TRUE,Misc. Songs,NayutalieN,NayutalieN
"More Copyrights, artists, projects and media: tagged songs",TRUE,Misc. Songs,Dragostea Din Tei,Dragostea Din Tei
"More Copyrights, artists, projects and media: tagged songs",TRUE,Misc. Songs,EZ Do Dance,EZ Do Dance
"More Copyrights, artists, projects and media: tagged songs",TRUE,Misc. Songs,Fly Me to the Moon,Fly Me to the Moon
"More Copyrights, artists, projects and media: tagged songs",TRUE,Misc. Songs,Gangnam Style,Gangnam Style
"More Copyrights, artists, projects and media: tagged songs",TRUE,Misc. Songs,PSY,PSY
"More Copyrights, artists, projects and media: tagged songs",TRUE,Misc. Songs,Gentleman,Gentleman
"More Copyrights, artists, projects and media: tagged songs",TRUE,Misc. Songs,PSY,PSY
"More Copyrights, artists, projects and media: tagged songs",TRUE,Misc. Songs,Gira Gira,Gira Gira
"More Copyrights, artists, projects and media: tagged songs",TRUE,Misc. Songs,Ado,Ado
"More Copyrights, artists, projects and media: tagged songs",TRUE,Misc. Songs,Halzion,Halzion
"More Copyrights, artists, projects and media: tagged songs",TRUE,Misc. Songs,YOASOBI,YOASOBI
"More Copyrights, artists, projects and media: tagged songs",TRUE,Misc. Songs,Happiness in Slavery,Happiness in Slavery
"More Copyrights, artists, projects and media: tagged songs",TRUE,Misc. Songs,Nine Inch Nails,Nine Inch Nails
"More Copyrights, artists, projects and media: tagged songs",TRUE,Misc. Songs,Happy Birthday to You,Happy Birthday to You
"More Copyrights, artists, projects and media: tagged songs",TRUE,Misc. Songs,Heavy Rotation,Heavy Rotation
"More Copyrights, artists, projects and media: tagged songs",TRUE,Misc. Songs,AKB48,AKB48
"More Copyrights, artists, projects and media: tagged songs",TRUE,Misc. Songs,Hej Monika,Hej Monika
"More Copyrights, artists, projects and media: tagged songs",TRUE,Misc. Songs,Hey Jude,Hey Jude
"More Copyrights, artists, projects and media: tagged songs",TRUE,Misc. Songs,The Beatles,The Beatles
"More Copyrights, artists, projects and media: tagged songs",TRUE,Misc. Songs,Hot Limit,Hot Limit
"More Copyrights, artists, projects and media: tagged songs",TRUE,Misc. Songs,T.M.Revolution,T.M.Revolution
"More Copyrights, artists, projects and media: tagged songs",TRUE,Misc. Songs,Hot Milk (Snail's House),Hot Milk (Snail's House)
"More Copyrights, artists, projects and media: tagged songs",TRUE,Misc. Songs,Leekspin,Leekspin
"More Copyrights, artists, projects and media: tagged songs",TRUE,Misc. Songs,I Wanna Love You Tender,I Wanna Love You Tender
"More Copyrights, artists, projects and media: tagged songs",TRUE,Misc. Songs,I Will Always Love You,I Will Always Love You
"More Copyrights, artists, projects and media: tagged songs",TRUE,Misc. Songs,Iwashi ga Tsuchi Kara Haetekuru n da,Iwashi ga Tsuchi Kara Haetekuru n da
"More Copyrights, artists, projects and media: tagged songs",TRUE,Misc. Songs,UTAU,UTAU
"More Copyrights, artists, projects and media: tagged songs",TRUE,Misc. Songs,Serbia Strong,Serbia Strong
"More Copyrights, artists, projects and media: tagged songs",TRUE,Misc. Songs,Koniggratzer Marsch,Koniggratzer Marsch
"More Copyrights, artists, projects and media: tagged songs",TRUE,Misc. Songs,The Lazy Song,The Lazy Song
"More Copyrights, artists, projects and media: tagged songs",TRUE,Misc. Songs,Bruno Mars,Bruno Mars
"More Copyrights, artists, projects and media: tagged songs",TRUE,Misc. Songs,Let It Be,Let It Be
"More Copyrights, artists, projects and media: tagged songs",TRUE,Misc. Songs,The Beatles,The Beatles
"More Copyrights, artists, projects and media: tagged songs",TRUE,Misc. Songs,Douman Seiman,Douman Seiman
"More Copyrights, artists, projects and media: tagged songs",TRUE,Misc. Songs,Lucy in the Sky with Diamonds,Lucy in the Sky with Diamonds
"More Copyrights, artists, projects and media: tagged songs",TRUE,Misc. Songs,The Beatles,The Beatles
"More Copyrights, artists, projects and media: tagged songs",TRUE,Misc. Songs,Macho Dragon,Macho Dragon
"More Copyrights, artists, projects and media: tagged songs",TRUE,Misc. Songs,Fujinami Tatsumi,Fujinami Tatsumi
"More Copyrights, artists, projects and media: tagged songs",TRUE,Misc. Songs,Misery x CPR x Reese's Puffs,Misery x CPR x Reese's Puffs
"More Copyrights, artists, projects and media: tagged songs",TRUE,Misc. Songs,My Heart Will Go On,My Heart Will Go On
"More Copyrights, artists, projects and media: tagged songs",TRUE,Misc. Songs,Never Gonna Give You Up,Never Gonna Give You Up
"More Copyrights, artists, projects and media: tagged songs",TRUE,Misc. Songs,Rick Astley,Rick Astley
"More Copyrights, artists, projects and media: tagged songs",TRUE,Misc. Songs,Ninja Rap,Ninja Rap
"More Copyrights, artists, projects and media: tagged songs",TRUE,Misc. Songs,Fukkireta,Fukkireta
"More Copyrights, artists, projects and media: tagged songs",TRUE,Misc. Songs,Odo,Odo
"More Copyrights, artists, projects and media: tagged songs",TRUE,Misc. Songs,Ado,Ado
"More Copyrights, artists, projects and media: tagged songs",TRUE,Misc. Songs,Old MacDonald Had a Farm,Old MacDonald Had a Farm
"More Copyrights, artists, projects and media: tagged songs",TRUE,Misc. Songs,Omoide wa Okkusenman!,Omoide wa Okkusenman!
"More Copyrights, artists, projects and media: tagged songs",TRUE,Misc. Songs,Osakana Tengoku,Osakana Tengoku
"More Copyrights, artists, projects and media: tagged songs",TRUE,Misc. Songs,Perfect Human,Perfect Human
"More Copyrights, artists, projects and media: tagged songs",TRUE,Misc. Songs,Pen-Pineapple-Apple-Pen,Pen-Pineapple-Apple-Pen
"More Copyrights, artists, projects and media: tagged songs",TRUE,Misc. Songs,SWEETEST MUSIC,SWEETEST MUSIC
"More Copyrights, artists, projects and media: tagged songs",TRUE,Misc. Songs,Get Down,Get Down
"More Copyrights, artists, projects and media: tagged songs",TRUE,Misc. Songs,Readymade,Readymade
"More Copyrights, artists, projects and media: tagged songs",TRUE,Misc. Songs,Ado,Ado
"More Copyrights, artists, projects and media: tagged songs",TRUE,Misc. Songs,Remember the Time,Remember the Time
"More Copyrights, artists, projects and media: tagged songs",TRUE,Misc. Songs,Michael Jackson,Michael Jackson
"More Copyrights, artists, projects and media: tagged songs",TRUE,Misc. Songs,Ride on Time,Ride on Time
"More Copyrights, artists, projects and media: tagged songs",TRUE,Misc. Songs,Roundabout,Roundabout
"More Copyrights, artists, projects and media: tagged songs",TRUE,Misc. Songs,Yes,Yes
"More Copyrights, artists, projects and media: tagged songs",TRUE,Misc. Songs,Sad Romance,Sad Romance
"More Copyrights, artists, projects and media: tagged songs",TRUE,Misc. Songs,Shin Takarajima,Shin Takarajima
"More Copyrights, artists, projects and media: tagged songs",TRUE,Misc. Songs,Sakanaction,Sakanaction
"More Copyrights, artists, projects and media: tagged songs",TRUE,Misc. Songs,Smooooch,Smooooch
"More Copyrights, artists, projects and media: tagged songs",TRUE,Misc. Songs,Smooth Criminal,Smooth Criminal
"More Copyrights, artists, projects and media: tagged songs",TRUE,Misc. Songs,Michael Jackson,Michael Jackson
"More Copyrights, artists, projects and media: tagged songs",TRUE,Misc. Songs,SUSHI Tabetai,SUSHI Tabetai
"More Copyrights, artists, projects and media: tagged songs",TRUE,Misc. Songs,ORANGE RANGE,ORANGE RANGE
"More Copyrights, artists, projects and media: tagged songs",TRUE,Misc. Songs,Telephone,Telephone
"More Copyrights, artists, projects and media: tagged songs",TRUE,Misc. Songs,Lady Gaga,Lady Gaga
"More Copyrights, artists, projects and media: tagged songs",TRUE,Misc. Songs,The Number of the Beast,The Number of the Beast
"More Copyrights, artists, projects and media: tagged songs",TRUE,Misc. Songs,Iron Maiden,Iron Maiden
"More Copyrights, artists, projects and media: tagged songs",TRUE,Misc. Songs,This Is America,This Is America
"More Copyrights, artists, projects and media: tagged songs",TRUE,Misc. Songs,Childish Gambino,Childish Gambino
"More Copyrights, artists, projects and media: tagged songs",TRUE,Misc. Songs,Thriller,Thriller
"More Copyrights, artists, projects and media: tagged songs",TRUE,Misc. Songs,Michael Jackson,Michael Jackson
"More Copyrights, artists, projects and media: tagged songs",TRUE,Misc. Songs,Through the Fire and Flames,Through the Fire and Flames
"More Copyrights, artists, projects and media: tagged songs",TRUE,Misc. Songs,DragonForce,DragonForce
"More Copyrights, artists, projects and media: tagged songs",TRUE,Misc. Songs,Traditionell Musette,Traditionell Musette
"More Copyrights, artists, projects and media: tagged songs",TRUE,Misc. Songs,Turing Love,Turing Love
"More Copyrights, artists, projects and media: tagged songs",TRUE,Misc. Songs,NayutalieN,NayutalieN
"More Copyrights, artists, projects and media: tagged songs",TRUE,Misc. Songs,"Twinkle, Twinkle, Little Star","Twinkle, Twinkle, Little Star"
"More Copyrights, artists, projects and media: tagged songs",TRUE,Misc. Songs,Paffendorf,Paffendorf
"More Copyrights, artists, projects and media: tagged songs",TRUE,Misc. Songs,U.S.A.,U.S.A.
"More Copyrights, artists, projects and media: tagged songs",TRUE,Misc. Songs,DA PUMP,DA PUMP
"More Copyrights, artists, projects and media: tagged songs",TRUE,Misc. Songs,Usseewa,Usseewa
"More Copyrights, artists, projects and media: tagged songs",TRUE,Misc. Songs,Ado,Ado
"More Copyrights, artists, projects and media: tagged songs",TRUE,Misc. Songs,We Will Rock You,We Will Rock You
"More Copyrights, artists, projects and media: tagged songs",TRUE,Misc. Songs,Queen,Queen
"More Copyrights, artists, projects and media: tagged songs",TRUE,Misc. Songs,Welcome to the Jungle,Welcome to the Jungle
"More Copyrights, artists, projects and media: tagged songs",TRUE,Misc. Songs,Guns n' Roses,Guns n' Roses
"More Copyrights, artists, projects and media: tagged songs",TRUE,Misc. Songs,What is Love,What is Love
"More Copyrights, artists, projects and media: tagged songs",TRUE,Misc. Songs,HEYYEYAAEYAAAEYAEYAA,HEYYEYAAEYAAAEYAEYAA
"More Copyrights, artists, projects and media: tagged songs",TRUE,Misc. Songs,Wish You Were Here,Wish You Were Here
"More Copyrights, artists, projects and media: tagged songs",TRUE,Misc. Songs,Pink Floyd,Pink Floyd
"More Copyrights, artists, projects and media: tagged songs",TRUE,Misc. Songs,Yatta!,Yatta!
"More Copyrights, artists, projects and media: tagged songs",TRUE,Misc. Songs,Yoru ni Kakeru,Yoru ni Kakeru
"More Copyrights, artists, projects and media: tagged songs",TRUE,Misc. Songs,YOASOBI,YOASOBI
"More Copyrights, artists, projects and media: tagged songs",TRUE,Misc. Songs,Yoru no Pierrot,Yoru no Pierrot
"More Copyrights, artists, projects and media: tagged songs",TRUE,Misc. Songs,Ado,Ado
"More Copyrights, artists, projects and media: tagged songs",TRUE,Misc. Songs,Yoshiwara Lament,Yoshiwara Lament
"More Copyrights, artists, projects and media: tagged songs",TRUE,Misc. Songs,UTAU,UTAU
"More Copyrights, artists, projects and media: tagged songs",TRUE,Misc. Songs,Yuki no Shingun,Yuki no Shingun
"More Copyrights, artists, projects and media: tagged songs",TRUE,Misc. Songs,2D or not 2D,2D or not 2D
"More Copyrights, artists, projects and media: tagged songs",TRUE,Misc. Songs,P-MODEL,P-MODEL
"More Copyrights, artists, projects and media: tagged songs",TRUE,See also,Meta-wikis,Meta-wikis
