Section,Multiselect,Category,Label,Tag
Creatures: animals,TRUE,Categories,Bird,Bird
Creatures: animals,TRUE,Categories,Bug,Bug
Creatures: animals,TRUE,Categories,Cat,Cat
Creatures: animals,TRUE,Categories,Crustacean,Crustacean
Creatures: animals,TRUE,Categories,Dog,Dog
Creatures: animals,TRUE,Categories,Fish,Fish
Creatures: animals,TRUE,Categories,Bug,Bug
Creatures: animals,TRUE,Categories,Reptile,Reptile
Creatures: animals,TRUE,Categories,Whale,Whale
Creatures: animals,TRUE,Types,Ant,Ant
Creatures: animals,TRUE,Types,Bee,Bee
Creatures: animals,TRUE,Types,Beetle,Beetle
Creatures: animals,TRUE,Types,Butterfly,Butterfly
Creatures: animals,TRUE,Types,Caterpillar,Caterpillar
Creatures: animals,TRUE,Types,Centipede,Centipede
Creatures: animals,TRUE,Types,Cicada,Cicada
Creatures: animals,TRUE,Types,Cockroach,Cockroach
Creatures: animals,TRUE,Types,Cricket,Cricket
Creatures: animals,TRUE,Types,Cave cricket,Cave cricket
Creatures: animals,TRUE,Types,Dragonfly,Dragonfly
Creatures: animals,TRUE,Types,Firefly,Firefly
Creatures: animals,TRUE,Types,Fireflies,Fireflies
Creatures: animals,TRUE,Types,Fly,Fly
Creatures: animals,TRUE,Types,Grasshopper,Grasshopper
Creatures: animals,TRUE,Types,Ladybug,Ladybug
Creatures: animals,TRUE,Types,Leucochloridium paradoxum,Leucochloridium paradoxum
Creatures: animals,TRUE,Types,Millipede,Millipede
Creatures: animals,TRUE,Types,Mosquito,Mosquito
Creatures: animals,TRUE,Types,Moth,Moth
Creatures: animals,TRUE,Types,Pillbug,Pillbug
Creatures: animals,TRUE,Types,Wasp,Wasp
Creatures: animals,TRUE,Types,Arachnid,Arachnid
Creatures: animals,TRUE,Types,Spider,Spider
Creatures: animals,TRUE,Types,Scorpion,Scorpion
Creatures: animals,TRUE,Types,Camel spider,Camel spider
Creatures: animals,TRUE,Types,Amblypygi,Amblypygi
Creatures: animals,TRUE,Types,Larva,Larva
Creatures: animals,TRUE,Types,Maggot,Maggot
Creatures: animals,TRUE,See also,no humans,no humans
Creatures: animals,TRUE,See also,animalization,animalization
Creatures: animals,TRUE,See also,pack of dogs,pack of dogs
Creatures: animals,TRUE,See also,too many cats,too many cats
Creatures: animals,TRUE,See also,Tag Groups,Tag Groups
Creatures: animals,TRUE,See also,Meta-Wikis,Meta-Wikis
Creatures: Dogs,TRUE,Main,dog,dog
Creatures: Dogs,TRUE,Misc,animal,animal
Creatures: Dogs,TRUE,Misc,pet,pet
Creatures: Dogs,TRUE,Misc,animalization,animalization
Creatures: Dogs,TRUE,Misc,dog on head,dog on head
Creatures: Dogs,TRUE,Misc,pet walking,pet walking
Creatures: Dogs,TRUE,Misc,guide dog,guide dog
Creatures: Dogs,TRUE,Misc,no humans,no humans
Creatures: Dogs,TRUE,Misc,pack of dogs,pack of dogs
Creatures: Dogs,TRUE,Misc,puppy,puppy
Creatures: Dogs,TRUE,Dog girls / Dog people / Dog attire / Dog body parts,dog costume,dog costume
Creatures: Dogs,TRUE,Dog girls / Dog people / Dog attire / Dog body parts,dog ears,dog ears
Creatures: Dogs,TRUE,Dog girls / Dog people / Dog attire / Dog body parts,dog hat,dog hat
Creatures: Dogs,TRUE,Dog girls / Dog people / Dog attire / Dog body parts,dog paws,dog paws
Creatures: Dogs,TRUE,Dog girls / Dog people / Dog attire / Dog body parts,dog tail,dog tail
Creatures: Dogs,TRUE,"Things associated with the word ""dog"" by etymology",dog biscuit,dog biscuit
Creatures: Dogs,TRUE,"Things associated with the word ""dog"" by etymology",dog paddle,dog paddle
Creatures: Dogs,TRUE,"Things associated with the word ""dog"" by etymology",doggystyle,doggystyle
Creatures: Dogs,TRUE,Tagged Breeds of dogs,Afghan hound,Afghan hound
Creatures: Dogs,TRUE,Tagged Breeds of dogs,Akita Inu,Akita Inu
Creatures: Dogs,TRUE,Tagged Breeds of dogs,Australian Kelpie,Australian Kelpie
Creatures: Dogs,TRUE,Tagged Breeds of dogs,Beagle,Beagle
Creatures: Dogs,TRUE,Tagged Breeds of dogs,Bernese mountain dog,Bernese mountain dog
Creatures: Dogs,TRUE,Tagged Breeds of dogs,Border collie,Border collie
Creatures: Dogs,TRUE,Tagged Breeds of dogs,Borzoi,Borzoi
Creatures: Dogs,TRUE,Tagged Breeds of dogs,Boston terrier,Boston terrier
Creatures: Dogs,TRUE,Tagged Breeds of dogs,Briard,Briard
Creatures: Dogs,TRUE,Tagged Breeds of dogs,Bulldog,Bulldog
Creatures: Dogs,TRUE,Tagged Breeds of dogs,Bull terrier,Bull terrier
Creatures: Dogs,TRUE,Tagged Breeds of dogs,Chihuahua,Chihuahua
Creatures: Dogs,TRUE,Tagged Breeds of dogs,Chinese crested dog,Chinese crested dog
Creatures: Dogs,TRUE,Tagged Breeds of dogs,Chow Chow,Chow Chow
Creatures: Dogs,TRUE,Tagged Breeds of dogs,Dachshund,Dachshund
Creatures: Dogs,TRUE,Tagged Breeds of dogs,Dalmatian,Dalmatian
Creatures: Dogs,TRUE,Tagged Breeds of dogs,Dingo,Dingo
Creatures: Dogs,TRUE,Tagged Breeds of dogs,Doberman,Doberman
Creatures: Dogs,TRUE,Tagged Breeds of dogs,English springer spaniel,English springer spaniel
Creatures: Dogs,TRUE,Tagged Breeds of dogs,German shepherd,German shepherd
Creatures: Dogs,TRUE,Tagged Breeds of dogs,Golden retriever,Golden retriever
Creatures: Dogs,TRUE,Tagged Breeds of dogs,Great Dane,Great Dane
Creatures: Dogs,TRUE,Tagged Breeds of dogs,Greyhound,Greyhound
Creatures: Dogs,TRUE,Tagged Breeds of dogs,Husky,Husky
Creatures: Dogs,TRUE,Tagged Breeds of dogs,Irish setter,Irish setter
Creatures: Dogs,TRUE,Tagged Breeds of dogs,Japanese spitz,Japanese spitz
Creatures: Dogs,TRUE,Tagged Breeds of dogs,Maltese,Maltese
Creatures: Dogs,TRUE,Tagged Breeds of dogs,Mastiff,Mastiff
Creatures: Dogs,TRUE,Tagged Breeds of dogs,Old English Sheepdog,Old English Sheepdog
Creatures: Dogs,TRUE,Tagged Breeds of dogs,Papillon,Papillon
Creatures: Dogs,TRUE,Tagged Breeds of dogs,Pomeranian,Pomeranian
Creatures: Dogs,TRUE,Tagged Breeds of dogs,Poodle,Poodle
Creatures: Dogs,TRUE,Tagged Breeds of dogs,Pug,Pug
Creatures: Dogs,TRUE,Tagged Breeds of dogs,Shar Pei,Shar Pei
Creatures: Dogs,TRUE,Tagged Breeds of dogs,Shiba inu,Shiba inu
Creatures: Dogs,TRUE,Tagged Breeds of dogs,St. Bernard,St. Bernard
Creatures: Dogs,TRUE,Tagged Breeds of dogs,Welsh corgi,Welsh corgi
Creatures: Dogs,TRUE,Tagged Breeds of dogs,Yorkshire Terrier,Yorkshire Terrier
Creatures: Dogs,TRUE,Similar animals,Coyote,Coyote
Creatures: Dogs,TRUE,Similar animals,Hyena,Hyena
Creatures: Dogs,TRUE,Similar animals,Jackal,Jackal
Creatures: Dogs,TRUE,Similar animals,Wolf,Wolf
Creatures: Dogs,TRUE,Dog-like characters and named dogs,Alexander,Alexander
Creatures: Dogs,TRUE,Dog-like characters and named dogs,Fullmetal Alchemist,Fullmetal Alchemist
Creatures: Dogs,TRUE,Dog-like characters and named dogs,Bee,Bee
Creatures: Dogs,TRUE,Dog-like characters and named dogs,Dragon Ball,Dragon Ball
Creatures: Dogs,TRUE,Dog-like characters and named dogs,Black Hayate,Black Hayate
Creatures: Dogs,TRUE,Dog-like characters and named dogs,Fullmetal Alchemist,Fullmetal Alchemist
Creatures: Dogs,TRUE,Dog-like characters and named dogs,Bolt,Bolt
Creatures: Dogs,TRUE,Dog-like characters and named dogs,Bolt,Bolt
Creatures: Dogs,TRUE,Dog-like characters and named dogs,Boney,Boney
Creatures: Dogs,TRUE,Dog-like characters and named dogs,Mother 3,Mother 3
Creatures: Dogs,TRUE,Dog-like characters and named dogs,Brown,Brown
Creatures: Dogs,TRUE,Dog-like characters and named dogs,Rule of Rose,Rule of Rose
Creatures: Dogs,TRUE,Dog-like characters and named dogs,Cherry,Cherry
Creatures: Dogs,TRUE,Dog-like characters and named dogs,Lucky Star,Lucky Star
Creatures: Dogs,TRUE,Dog-like characters and named dogs,Chobi,Chobi
Creatures: Dogs,TRUE,Dog-like characters and named dogs,Pixiv,Pixiv
Creatures: Dogs,TRUE,Dog-like characters and named dogs,Cinnamon,Cinnamon
Creatures: Dogs,TRUE,Dog-like characters and named dogs,Den,Den
Creatures: Dogs,TRUE,Dog-like characters and named dogs,Fullmetal Alchemist,Fullmetal Alchemist
Creatures: Dogs,TRUE,Dog-like characters and named dogs,Dug,Dug
Creatures: Dogs,TRUE,Dog-like characters and named dogs,Up,Up
Creatures: Dogs,TRUE,Dog-like characters and named dogs,Ein,Ein
Creatures: Dogs,TRUE,Dog-like characters and named dogs,Cowboy Bebop,Cowboy Bebop
Creatures: Dogs,TRUE,Dog-like characters and named dogs,Enekk,Enekk
Creatures: Dogs,TRUE,Dog-like characters and named dogs,Spice and Wolf,Spice and Wolf
Creatures: Dogs,TRUE,Dog-like characters and named dogs,Frusciante,Frusciante
Creatures: Dogs,TRUE,Dog-like characters and named dogs,Ichigo Mashimaro,Ichigo Mashimaro
Creatures: Dogs,TRUE,Dog-like characters and named dogs,Hamo,Hamo
Creatures: Dogs,TRUE,Dog-like characters and named dogs,Vocaloid,Vocaloid
Creatures: Dogs,TRUE,Dog-like characters and named dogs,Heen,Heen
Creatures: Dogs,TRUE,Dog-like characters and named dogs,Howl no Ugoku Shiro,Howl no Ugoku Shiro
Creatures: Dogs,TRUE,Dog-like characters and named dogs,Hewie,Hewie
Creatures: Dogs,TRUE,Dog-like characters and named dogs,Demento,Demento
Creatures: Dogs,TRUE,Dog-like characters and named dogs,Inumi,Inumi
Creatures: Dogs,TRUE,Dog-like characters and named dogs,Idolmaster,Idolmaster
Creatures: Dogs,TRUE,Dog-like characters and named dogs,King,King
Creatures: Dogs,TRUE,Dog-like characters and named dogs,Mother 2,Mother 2
Creatures: Dogs,TRUE,Dog-like characters and named dogs,Leader,Leader
Creatures: Dogs,TRUE,Dog-like characters and named dogs,Honey and Clover,Honey and Clover
Creatures: Dogs,TRUE,Dog-like characters and named dogs,Menchi,Menchi
Creatures: Dogs,TRUE,Dog-like characters and named dogs,Excel Saga,Excel Saga
Creatures: Dogs,TRUE,Dog-like characters and named dogs,Missile,Missile
Creatures: Dogs,TRUE,Dog-like characters and named dogs,Ghost Trick,Ghost Trick
Creatures: Dogs,TRUE,Dog-like characters and named dogs,Missile,Missile
Creatures: Dogs,TRUE,Dog-like characters and named dogs,Ace Attorney,Ace Attorney
Creatures: Dogs,TRUE,Dog-like characters and named dogs,Potato,Potato
Creatures: Dogs,TRUE,Dog-like characters and named dogs,Air,Air
Creatures: Dogs,TRUE,Dog-like characters and named dogs,Roku,Roku
Creatures: Dogs,TRUE,Dog-like characters and named dogs,Kakushigoto,Kakushigoto
Creatures: Dogs,TRUE,Dog-like characters and named dogs,Satake,Satake
Creatures: Dogs,TRUE,Dog-like characters and named dogs,Ichigo Mashimaro,Ichigo Mashimaro
Creatures: Dogs,TRUE,Dog-like characters and named dogs,Scooby-Doo,Scooby-Doo
Creatures: Dogs,TRUE,Dog-like characters and named dogs,Scooby-Doo,Scooby-Doo
Creatures: Dogs,TRUE,Dog-like characters and named dogs,Shiro,Shiro
Creatures: Dogs,TRUE,Dog-like characters and named dogs,Crayon Shin-Chan,Crayon Shin-Chan
Creatures: Dogs,TRUE,Dog-like characters and named dogs,Snoopy,Snoopy
Creatures: Dogs,TRUE,Dog-like characters and named dogs,Peanuts,Peanuts
Creatures: Dogs,TRUE,Dog-like characters and named dogs,Tadakichi-san,Tadakichi-san
Creatures: Dogs,TRUE,Dog-like characters and named dogs,Azumanga Daioh,Azumanga Daioh
Creatures: Dogs,TRUE,Dog-like characters and named dogs,Tobimaru,Tobimaru
Creatures: Dogs,TRUE,Dog-like characters and named dogs,Stranger Mukou Hadan,Stranger Mukou Hadan
Creatures: Dogs,TRUE,Dog-like characters and named dogs,Toto,Toto
Creatures: Dogs,TRUE,Dog-like characters and named dogs,The Wizard of Oz,The Wizard of Oz
Creatures: Dogs,TRUE,Dog-like characters and named dogs,Umetarou (ookami),Umetarou (ookami)
Creatures: Dogs,TRUE,Dog-like characters and named dogs,Ookami,Ookami
Creatures: Dogs,TRUE,Dog-like characters and named dogs,Yonakuni,Yonakuni
Creatures: Dogs,TRUE,Dog-like characters and named dogs,Maria Holic,Maria Holic
Creatures: Dogs,TRUE,Dog-like characters and named dogs,Wanta,Wanta
Creatures: Dogs,TRUE,Dog-like characters and named dogs,Elfen Lied,Elfen Lied
Creatures: Dogs,TRUE,Dog-like characters and named dogs,Zwei,Zwei
Creatures: Dogs,TRUE,Dog-like characters and named dogs,RWBY,RWBY
Plants: Flowers,TRUE,Main,flower,flower
Plants: Flowers,TRUE,Species of flower,Alstroemeria (flower),Alstroemeria (flower)
Plants: Flowers,TRUE,Species of flower,Amaryllis (flower),Amaryllis (flower)
Plants: Flowers,TRUE,Species of flower,Anemone,Anemone
Plants: Flowers,TRUE,Species of flower,Angel's trumpet,Angel's trumpet
Plants: Flowers,TRUE,Species of flower,Anthurium,Anthurium
Plants: Flowers,TRUE,Species of flower,Azalea,Azalea
Plants: Flowers,TRUE,Species of flower,Baby's-breath,Baby's-breath
Plants: Flowers,TRUE,Species of flower,Begonia,Begonia
Plants: Flowers,TRUE,Species of flower,Bellflower,Bellflower
Plants: Flowers,TRUE,Species of flower,Chinese bellflower,Chinese bellflower
Plants: Flowers,TRUE,Species of flower,Bird of paradise flower,Bird of paradise flower
Plants: Flowers,TRUE,Species of flower,Black-eyed Susan,Black-eyed Susan
Plants: Flowers,TRUE,Species of flower,Bleeding heart,Bleeding heart
Plants: Flowers,TRUE,Species of flower,Blueberry blossoms,Blueberry blossoms
Plants: Flowers,TRUE,Species of flower,Bougainvillea,Bougainvillea
Plants: Flowers,TRUE,Species of flower,Calla lily,Calla lily
Plants: Flowers,TRUE,Species of flower,Camellia,Camellia
Plants: Flowers,TRUE,Species of flower,Carnation,Carnation
Plants: Flowers,TRUE,Species of flower,Red carnation,Red carnation
Plants: Flowers,TRUE,Species of flower,Chamomile,Chamomile
Plants: Flowers,TRUE,Species of flower,Cherry blossoms,Cherry blossoms
Plants: Flowers,TRUE,Species of flower,Chinese lantern,Chinese lantern
Plants: Flowers,TRUE,Species of flower,Chrysanthemum,Chrysanthemum
Plants: Flowers,TRUE,Species of flower,Clivia,Clivia
Plants: Flowers,TRUE,Species of flower,Clematis,Clematis
Plants: Flowers,TRUE,Species of flower,Clover,Clover
Plants: Flowers,TRUE,Species of flower,Columbine,Columbine
Plants: Flowers,TRUE,Species of flower,Cockscomb (flower),Cockscomb (flower)
Plants: Flowers,TRUE,Species of flower,Cornflower,Cornflower
Plants: Flowers,TRUE,Species of flower,Cosmos,Cosmos
Plants: Flowers,TRUE,Species of flower,Crocus,Crocus
Plants: Flowers,TRUE,Species of flower,Cymbidium,Cymbidium
Plants: Flowers,TRUE,Species of flower,Daffodil,Daffodil
Plants: Flowers,TRUE,Species of flower,Dahlia,Dahlia
Plants: Flowers,TRUE,Species of flower,Daisy,Daisy
Plants: Flowers,TRUE,Species of flower,Dimorphotheca,Dimorphotheca
Plants: Flowers,TRUE,Species of flower,Dandelion,Dandelion
Plants: Flowers,TRUE,Species of flower,Dianthus,Dianthus
Plants: Flowers,TRUE,Species of flower,Dipsacaceae,Dipsacaceae
Plants: Flowers,TRUE,Species of flower,Dusty miller,Dusty miller
Plants: Flowers,TRUE,Species of flower,Edelweiss,Edelweiss
Plants: Flowers,TRUE,Species of flower,Epiphyllum,Epiphyllum
Plants: Flowers,TRUE,Species of flower,Eustoma,Eustoma
Plants: Flowers,TRUE,Species of flower,Flax,Flax
Plants: Flowers,TRUE,Species of flower,Forget-me-not,Forget-me-not
Plants: Flowers,TRUE,Species of flower,Forsythia,Forsythia
Plants: Flowers,TRUE,Species of flower,Four o'clock (flower),Four o'clock (flower)
Plants: Flowers,TRUE,Species of flower,Foxglove,Foxglove
Plants: Flowers,TRUE,Species of flower,Freesia,Freesia
Plants: Flowers,TRUE,Species of flower,Fuchsia,Fuchsia
Plants: Flowers,TRUE,Species of flower,Hawthorn_(plant),Hawthorn_(plant)
Plants: Flowers,TRUE,Species of flower,Hellebore,Hellebore
Plants: Flowers,TRUE,Species of flower,Hibiscus,Hibiscus
Plants: Flowers,TRUE,Species of flower,Heliconia,Heliconia
Plants: Flowers,TRUE,Species of flower,Hollyhock,Hollyhock
Plants: Flowers,TRUE,Species of flower,Hyacinth,Hyacinth
Plants: Flowers,TRUE,Species of flower,Hydrangea,Hydrangea
Plants: Flowers,TRUE,Species of flower,Genista (flower),Genista (flower)
Plants: Flowers,TRUE,Species of flower,Gentiana (flower),Gentiana (flower)
Plants: Flowers,TRUE,Species of flower,Geranium,Geranium
Plants: Flowers,TRUE,Species of flower,Gerbera,Gerbera
Plants: Flowers,TRUE,Species of flower,Gladiolus,Gladiolus
Plants: Flowers,TRUE,Species of flower,Gloriosa (flower),Gloriosa (flower)
Plants: Flowers,TRUE,Species of flower,Grass lily,Grass lily
Plants: Flowers,TRUE,Species of flower,Great burnet,Great burnet
Plants: Flowers,TRUE,Species of flower,Jasmine,Jasmine
Plants: Flowers,TRUE,Species of flower,Iris,Iris
Plants: Flowers,TRUE,Species of flower,Kalanchoe,Kalanchoe
Plants: Flowers,TRUE,Species of flower,Kerria japonica,Kerria japonica
Plants: Flowers,TRUE,Species of flower,Lantana (flower),Lantana (flower)
Plants: Flowers,TRUE,Species of flower,Larkspur,Larkspur
Plants: Flowers,TRUE,Species of flower,Lavender,Lavender
Plants: Flowers,TRUE,Species of flower,Lilac,Lilac
Plants: Flowers,TRUE,Species of flower,Lily,Lily
Plants: Flowers,TRUE,Species of flower,Tiger lily,Tiger lily
Plants: Flowers,TRUE,Species of flower,Lily of the valley,Lily of the valley
Plants: Flowers,TRUE,Species of flower,Lisianthus (flower),Lisianthus (flower)
Plants: Flowers,TRUE,Species of flower,Magnolia,Magnolia
Plants: Flowers,TRUE,Species of flower,Marigold,Marigold
Plants: Flowers,TRUE,Species of flower,Marsh marigold,Marsh marigold
Plants: Flowers,TRUE,Species of flower,Mimosa (flower),Mimosa (flower)
Plants: Flowers,TRUE,Species of flower,Morning glory,Morning glory
Plants: Flowers,TRUE,Species of flower,Moonflower,Moonflower
Plants: Flowers,TRUE,Species of flower,Gourd blossom,Gourd blossom
Plants: Flowers,TRUE,Species of flower,Nemophila,Nemophila
Plants: Flowers,TRUE,Species of flower,Nigella,Nigella
Plants: Flowers,TRUE,Species of flower,Oleander,Oleander
Plants: Flowers,TRUE,Species of flower,Orange blossoms,Orange blossoms
Plants: Flowers,TRUE,Species of flower,Orchid,Orchid
Plants: Flowers,TRUE,Species of flower,Oncidium,Oncidium
Plants: Flowers,TRUE,Species of flower,Osmanthus,Osmanthus
Plants: Flowers,TRUE,Species of flower,Gold osmanthus,Gold osmanthus
Plants: Flowers,TRUE,Species of flower,Pansy,Pansy
Plants: Flowers,TRUE,Species of flower,Passion flower,Passion flower
Plants: Flowers,TRUE,Species of flower,Paulownia,Paulownia
Plants: Flowers,TRUE,Species of flower,Peach blossom,Peach blossom
Plants: Flowers,TRUE,Species of flower,Pentas (flower),Pentas (flower)
Plants: Flowers,TRUE,Species of flower,Peony,Peony
Plants: Flowers,TRUE,Species of flower,Perennial,Perennial
Plants: Flowers,TRUE,Species of flower,Periwinkle,Periwinkle
Plants: Flowers,TRUE,Species of flower,Petunia (flower),Petunia (flower)
Plants: Flowers,TRUE,Species of flower,Pieris japonica,Pieris japonica
Plants: Flowers,TRUE,Species of flower,Plant,Plant
Plants: Flowers,TRUE,Species of flower,Clover,Clover
Plants: Flowers,TRUE,Species of flower,Lotus,Lotus
Plants: Flowers,TRUE,Species of flower,Lily pad,Lily pad
Plants: Flowers,TRUE,Species of flower,Potted plant,Potted plant
Plants: Flowers,TRUE,Species of flower,Plum blossoms,Plum blossoms
Plants: Flowers,TRUE,Species of flower,Plumeria,Plumeria
Plants: Flowers,TRUE,Species of flower,Poinsettia,Poinsettia
Plants: Flowers,TRUE,Species of flower,Pomegranate flower,Pomegranate flower
Plants: Flowers,TRUE,Species of flower,Poppy,Poppy
Plants: Flowers,TRUE,Species of flower,Portulaca,Portulaca
Plants: Flowers,TRUE,Species of flower,Potato flower,Potato flower
Plants: Flowers,TRUE,Species of flower,Potentilla,Potentilla
Plants: Flowers,TRUE,Species of flower,Rafflesia,Rafflesia
Plants: Flowers,TRUE,Species of flower,Ranunculus,Ranunculus
Plants: Flowers,TRUE,Species of flower,Buttercup,Buttercup
Plants: Flowers,TRUE,Species of flower,Rapeseed blossoms,Rapeseed blossoms
Plants: Flowers,TRUE,Species of flower,Red ginger,Red ginger
Plants: Flowers,TRUE,Species of flower,Reimu,Reimu
Plants: Flowers,TRUE,Species of flower,Rhododendron,Rhododendron
Plants: Flowers,TRUE,Species of flower,Rose,Rose
Plants: Flowers,TRUE,Species of flower,Black rose,Black rose
Plants: Flowers,TRUE,Species of flower,Blue rose,Blue rose
Plants: Flowers,TRUE,Species of flower,Brown rose,Brown rose
Plants: Flowers,TRUE,Species of flower,Green rose,Green rose
Plants: Flowers,TRUE,Species of flower,Grey rose,Grey rose
Plants: Flowers,TRUE,Species of flower,Orange rose,Orange rose
Plants: Flowers,TRUE,Species of flower,Pink rose,Pink rose
Plants: Flowers,TRUE,Species of flower,Purple rose,Purple rose
Plants: Flowers,TRUE,Species of flower,Red rose,Red rose
Plants: Flowers,TRUE,Species of flower,White rose,White rose
Plants: Flowers,TRUE,Species of flower,Yellow rose,Yellow rose
Plants: Flowers,TRUE,Species of flower,Multicolored rose,Multicolored rose
Plants: Flowers,TRUE,Species of flower,Rudbeckia,Rudbeckia
Plants: Flowers,TRUE,Species of flower,Snapdragon,Snapdragon
Plants: Flowers,TRUE,Species of flower,Snowbell,Snowbell
Plants: Flowers,TRUE,Species of flower,Snowdrop,Snowdrop
Plants: Flowers,TRUE,Species of flower,Spathiphyllum,Spathiphyllum
Plants: Flowers,TRUE,Species of flower,Spider lily,Spider lily
Plants: Flowers,TRUE,Species of flower,Strawberry blossoms,Strawberry blossoms
Plants: Flowers,TRUE,Species of flower,Sunflower,Sunflower
Plants: Flowers,TRUE,Species of flower,Thistle,Thistle
Plants: Flowers,TRUE,Species of flower,Trumpet creeper,Trumpet creeper
Plants: Flowers,TRUE,Species of flower,Tulip,Tulip
Plants: Flowers,TRUE,Species of flower,Orange tulip,Orange tulip
Plants: Flowers,TRUE,Species of flower,Pink tulip,Pink tulip
Plants: Flowers,TRUE,Species of flower,Purple tulip,Purple tulip
Plants: Flowers,TRUE,Species of flower,Red tulip,Red tulip
Plants: Flowers,TRUE,Species of flower,White tulip,White tulip
Plants: Flowers,TRUE,Species of flower,Yellow tulip,Yellow tulip
Plants: Flowers,TRUE,Species of flower,Water lily flower,Water lily flower
Plants: Flowers,TRUE,Species of flower,Wax flower,Wax flower
Plants: Flowers,TRUE,Species of flower,Wisteria,Wisteria
Plants: Flowers,TRUE,Species of flower,Wolfsbane,Wolfsbane
Plants: Flowers,TRUE,Species of flower,Violet,Violet
Plants: Flowers,TRUE,Species of flower,Zinnia,Zinnia
Plants: Flowers,TRUE,Fictional flowers,Black lotus,Black lotus
Plants: Flowers,TRUE,Fictional flowers,Fire flower,Fire flower
Plants: Flowers,TRUE,Fictional flowers,Glaze lily,Glaze lily
Plants: Flowers,TRUE,Fictional flowers,Gracidea,Gracidea
Plants: Flowers,TRUE,Fictional flowers,Ice flower,Ice flower
Plants: Flowers,TRUE,Fictional flowers,Lunar tear,Lunar tear
Plants: Flowers,TRUE,Fictional flowers,Qingxin flower,Qingxin flower
Plants: Flowers,TRUE,Fictional flowers,Silent princess,Silent princess
Plants: Flowers,TRUE,Fictional flowers,Silk flower,Silk flower
Plants: Flowers,TRUE,Fictional flowers,Sweet flower,Sweet flower
Plants: Flowers,TRUE,Flower Misc,bouquet,bouquet
Plants: Flowers,TRUE,Flower Misc,boutonniere,boutonniere
Plants: Flowers,TRUE,Flower Misc,corsage,corsage
Plants: Flowers,TRUE,Flower Misc,coughing flowers,coughing flowers
Plants: Flowers,TRUE,Flower Misc,field,field
Plants: Flowers,TRUE,Flower Misc,flower field,flower field
Plants: Flowers,TRUE,Flower Misc,meadow,meadow
Plants: Flowers,TRUE,Flower Misc,flower (symbol),flower (symbol)
Plants: Flowers,TRUE,Flower Misc,flower bed,flower bed
Plants: Flowers,TRUE,Flower Misc,flower bracelet,flower bracelet
Plants: Flowers,TRUE,Flower Misc,flower in mouth,flower in mouth
Plants: Flowers,TRUE,Flower Misc,flower necklace,flower necklace
Plants: Flowers,TRUE,Flower Misc,flower on head,flower on head
Plants: Flowers,TRUE,Flower Misc,flower on liquid,flower on liquid
Plants: Flowers,TRUE,Flower Misc,flower trim,flower trim
Plants: Flowers,TRUE,Flower Misc,floral print,floral print
Plants: Flowers,TRUE,Flower Misc,hair flower,hair flower
Plants: Flowers,TRUE,Flower Misc,hanafuda,hanafuda
Plants: Flowers,TRUE,Flower Misc,hat flower,hat flower
Plants: Flowers,TRUE,Flower Misc,holding flower,holding flower
Plants: Flowers,TRUE,Flower Misc,garden,garden
Plants: Flowers,TRUE,Flower Misc,gardening,gardening
Plants: Flowers,TRUE,Flower Misc,lei,lei
Plants: Flowers,TRUE,Flower Misc,on flower,on flower
Plants: Flowers,TRUE,Flower Misc,outdoors,outdoors
Plants: Flowers,TRUE,Flower Misc,petals,petals
Plants: Flowers,TRUE,Flower Misc,rose petals,rose petals
Plants: Flowers,TRUE,Flower Misc,petals on liquid,petals on liquid
Plants: Flowers,TRUE,Flower Misc,smelling flower,smelling flower
Plants: Flowers,TRUE,Flower Misc,wreath,wreath
Plants: Flowers,TRUE,Flower Misc,head wreath,head wreath
